file name,queen presence,temp diff,humidity diff
2022-06-08--14-52-28_1.wav,1,9.740000000000002,-21.71
2022-06-08--15-51-41_1.wav,1,7.570000000000004,-19.020000000000003
2022-06-08--17-21-53_1.wav,0,4.520000000000003,-13.270000000000003
2022-06-08--18-20-59_1.wav,0,7.540000000000003,-22.259999999999998
2022-06-08--19-20-04_1.wav,0,8.8,-25.450000000000003
2022-06-08--20-19-13_1.wav,0,9.849999999999998,-27.659999999999997
2022-06-08--21-18-22_1.wav,0,8.0,-27.33
2022-06-08--22-17-32_1.wav,0,7.960000000000001,-31.630000000000003
2022-06-08--23-16-44_1.wav,0,7.529999999999999,-30.770000000000003
2022-06-09--00-15-56_1.wav,0,7.9300000000000015,-32.93
2022-06-09--01-15-08_1.wav,0,8.39,-32.84
2022-06-09--02-14-24_1.wav,0,8.57,-35.82
2022-06-09--03-13-35_1.wav,0,9.12,-38.94
2022-06-09--04-12-49_1.wav,0,9.11,-40.18
2022-06-09--05-12-03_1.wav,0,9.200000000000001,-40.68
2022-06-09--06-11-16_1.wav,0,10.77,-41.59
2022-06-09--07-10-32_1.wav,0,10.480000000000002,-27.590000000000003
2022-06-09--08-09-59_1.wav,0,10.5,-31.990000000000002
2022-06-09--09-09-25_1.wav,0,11.059999999999999,-24.479999999999997
2022-06-09--10-08-51_1.wav,0,11.57,-22.9
2022-06-09--11-08-21_1.wav,0,10.790000000000003,-20.19
2022-06-09--12-07-53_1.wav,0,11.629999999999999,-14.96
2022-06-09--13-07-21_1.wav,0,10.879999999999999,-13.96
2022-06-09--14-06-06_1.wav,0,8.900000000000002,-15.8
2022-06-09--15-05-10_1.wav,0,6.219999999999999,-11.559999999999999
2022-06-09--16-04-23_1.wav,0,3.8100000000000023,-7.969999999999999
2022-06-09--17-03-35_1.wav,0,2.6400000000000006,-5.350000000000001
2022-06-09--18-49-09_1.wav,1,3.2300000000000004,6.57
2022-06-09--19-48-22_1.wav,1,5.550000000000001,-11.329999999999998
2022-06-09--20-47-28_1.wav,1,5.710000000000001,-8.579999999999998
2022-06-09--21-46-36_1.wav,1,5.680000000000003,-16.520000000000003
2022-06-09--22-45-43_1.wav,1,5.140000000000001,-16.9
2022-06-09--23-44-54_1.wav,1,4.77,-17.659999999999997
2022-06-10--00-44-04_1.wav,1,4.579999999999998,-17.47
2022-06-10--01-43-17_1.wav,1,4.710000000000001,-18.64
2022-06-10--02-42-31_1.wav,1,4.949999999999999,-20.630000000000003
2022-06-10--03-41-45_1.wav,1,5.030000000000001,-21.4
2022-06-10--04-40-57_1.wav,1,5.240000000000002,-22.299999999999997
2022-06-10--05-40-10_1.wav,1,5.389999999999999,-23.770000000000003
2022-06-10--06-39-26_1.wav,1,4.529999999999998,-18.57
2022-06-10--07-39-02_1.wav,1,4.379999999999999,-8.670000000000002
2022-06-10--08-38-24_1.wav,1,6.09,-12.04
2022-06-10--09-37-53_1.wav,1,7.890000000000004,-14.96
2022-06-10--10-37-28_1.wav,1,8.619999999999997,-14.579999999999998
2022-06-10--11-36-55_1.wav,1,9.170000000000002,-10.32
2022-06-10--12-36-08_1.wav,1,9.25,-10.629999999999999
2022-06-10--13-35-20_1.wav,1,7.849999999999994,-10.34
2022-06-10--14-34-28_1.wav,1,5.890000000000001,-5.739999999999998
2022-06-10--15-33-29_1.wav,1,4.5,-4.289999999999999
2022-06-10--16-32-45_1.wav,1,2.8900000000000006,-1.7699999999999996
2022-06-10--18-44-38_1.wav,1,3.740000000000002,-9.46
2022-06-10--19-43-44_1.wav,1,4.040000000000003,-14.46
2022-06-10--20-42-49_1.wav,1,4.670000000000002,-13.939999999999998
2022-06-10--21-41-55_1.wav,1,4.550000000000001,-12.25
2022-06-10--22-41-03_1.wav,1,4.279999999999998,-12.240000000000002
2022-06-10--23-40-10_1.wav,1,3.5599999999999987,-12.600000000000001
2022-06-11--00-39-19_1.wav,1,3.5700000000000003,-12.189999999999998
2022-06-11--01-38-28_1.wav,1,3.3099999999999987,-12.61
2022-06-11--02-37-38_1.wav,1,3.219999999999999,-11.82
2022-06-11--03-36-48_1.wav,1,3.3900000000000006,-12.969999999999999
2022-06-11--04-35-57_1.wav,1,3.2600000000000016,-14.649999999999999
2022-06-11--05-35-09_1.wav,1,3.1900000000000013,-14.96
2022-06-11--06-34-24_1.wav,1,3.34,-17.409999999999997
2022-06-11--07-34-54_1.wav,1,3.0700000000000003,-10.810000000000002
2022-06-11--08-33-52_1.wav,1,4.780000000000001,-9.549999999999997
2022-06-11--09-34-30_1.wav,1,6.650000000000002,-10.740000000000002
2022-06-11--10-34-05_1.wav,1,7.68,-9.34
2022-06-11--11-33-26_1.wav,1,9.190000000000001,-8.79
2022-06-11--12-32-11_1.wav,1,8.89,-9.96
2022-06-11--13-31-16_1.wav,1,8.170000000000002,-10.989999999999998
2022-06-11--14-30-02_1.wav,1,6.059999999999999,-11.39
2022-06-11--15-29-11_1.wav,1,4.640000000000004,-9.939999999999998
2022-06-13--18-08-05_1.wav,1,,28.22
2022-06-13--19-07-11_1.wav,1,6.57,-15.2
2022-06-13--20-06-14_1.wav,1,7.830000000000002,-19.9
2022-06-13--21-05-17_1.wav,1,8.14,-21.939999999999998
2022-06-13--22-04-26_1.wav,1,7.199999999999999,-26.979999999999997
2022-06-13--23-03-36_1.wav,1,6.900000000000002,-28.490000000000002
2022-06-14--00-02-46_1.wav,1,7.15,-29.729999999999997
2022-06-14--01-01-54_1.wav,1,7.729999999999999,-31.020000000000003
2022-06-14--02-01-04_1.wav,1,7.93,-33.88
2022-06-14--03-00-15_1.wav,1,8.54,-36.42
2022-06-14--03-59-27_1.wav,1,9.31,-38.14
2022-06-14--04-58-40_1.wav,1,9.42,-39.98
2022-06-14--05-57-50_1.wav,1,10.26,-38.95
2022-06-14--06-57-25_1.wav,1,9.200000000000001,-33.79
2022-06-14--07-57-11_1.wav,1,8.419999999999998,-24.79
2022-06-14--08-56-49_1.wav,1,10.030000000000001,-14.810000000000002
2022-06-14--09-56-21_1.wav,1,11.18,-13.7
2022-06-14--10-55-49_1.wav,1,12.220000000000002,-12.559999999999999
2022-06-14--11-55-10_1.wav,1,12.590000000000003,-14.129999999999999
2022-06-14--12-53-59_1.wav,1,12.250000000000004,-12.0
2022-06-14--13-52-40_1.wav,1,10.280000000000001,-9.68
2022-06-14--14-51-53_1.wav,1,7.230000000000004,-6.649999999999999
2022-06-14--15-50-57_1.wav,1,5.690000000000001,-9.24
2022-06-14--16-50-02_1.wav,1,4.269999999999996,-4.07
2022-06-14--17-49-06_1.wav,1,4.550000000000001,-7.07
2022-06-05--17-41-01_2.wav,1,5.690000000000001,-24.47
2022-06-05--18-40-08_2.wav,1,5.120000000000001,-26.299999999999997
2022-06-05--19-39-14_2.wav,1,5.079999999999998,-29.4
2022-06-05--20-38-25_2.wav,1,5.600000000000001,-32.18
2022-06-05--21-37-36_2.wav,1,5.879999999999999,-34.13
2022-06-05--22-36-48_2.wav,1,4.82,-29.270000000000003
2022-06-05--23-36-04_2.wav,1,4.5,-30.630000000000003
2022-06-06--00-35-12_2.wav,1,4.419999999999998,-31.93
2022-06-06--01-34-26_2.wav,1,4.689999999999998,-33.66
2022-06-06--02-33-38_2.wav,1,4.199999999999999,-29.159999999999997
2022-06-06--03-32-49_2.wav,1,4.280000000000001,-26.03
2022-06-06--04-32-02_2.wav,1,4.769999999999998,-27.39
2022-06-06--05-31-11_2.wav,1,5.029999999999998,-27.049999999999997
2022-06-06--06-30-21_2.wav,1,5.400000000000002,-31.89
2022-06-06--07-29-46_2.wav,1,6.509999999999998,-29.189999999999998
2022-06-06--08-29-16_2.wav,1,8.09,-22.6
2022-06-06--09-28-32_2.wav,1,8.879999999999999,-16.909999999999997
2022-06-06--10-27-52_2.wav,1,9.329999999999998,-16.340000000000003
2022-06-06--11-27-09_2.wav,1,9.05,-14.310000000000002
2022-06-06--12-26-27_2.wav,1,8.870000000000001,-11.68
2022-06-06--13-25-30_2.wav,1,7.209999999999997,-11.670000000000002
2022-06-06--14-24-42_2.wav,1,4.609999999999999,-12.159999999999997
2022-06-06--15-23-51_2.wav,1,3.030000000000001,-10.54
2022-06-06--16-22-57_2.wav,1,2.6400000000000006,-8.25
2022-06-06--17-22-09_2.wav,1,2.5700000000000003,-7.57
2022-06-06--18-21-16_2.wav,1,2.8999999999999986,-9.310000000000002
2022-06-06--19-20-21_2.wav,1,2.66,-13.100000000000001
2022-06-06--20-19-29_2.wav,1,3.5,-18.68
2022-06-06--21-18-35_2.wav,1,5.380000000000003,-28.770000000000003
2022-06-06--22-17-46_2.wav,1,6.41,-32.56
2022-06-06--23-16-56_2.wav,1,5.93,-31.03
2022-06-07--00-16-09_2.wav,1,6.410000000000002,-32.69
2022-06-07--01-15-21_2.wav,1,6.01,-32.25
2022-06-07--02-14-33_2.wav,1,5.860000000000001,-33.35
2022-06-07--03-13-45_2.wav,1,6.149999999999999,-35.54
2022-06-07--04-12-58_2.wav,1,6.339999999999998,-36.38
2022-06-07--05-12-08_2.wav,1,7.219999999999999,-34.57
2022-06-07--06-11-25_2.wav,1,7.899999999999999,-35.65
2022-06-07--07-10-46_2.wav,1,7.369999999999999,-28.130000000000003
2022-06-07--08-10-22_2.wav,1,7.529999999999999,-28.61
2022-06-07--09-09-47_2.wav,1,8.0,-16.53
2022-06-07--10-09-14_2.wav,1,8.919999999999998,-8.399999999999999
2022-06-07--11-08-36_2.wav,1,9.120000000000001,-11.939999999999998
2022-06-07--12-07-57_2.wav,1,7.979999999999997,-9.689999999999998
2022-06-07--13-07-01_2.wav,1,6.380000000000003,-11.14
2022-06-07--14-06-09_2.wav,1,4.93,-11.93
2022-06-07--15-05-17_2.wav,1,3.3200000000000003,-10.240000000000002
2022-06-07--16-04-24_2.wav,1,2.5599999999999987,-9.590000000000003
2022-06-07--17-03-33_2.wav,1,2.7600000000000016,-11.549999999999997
2022-06-07--18-02-41_2.wav,1,3.0600000000000023,-11.5
2022-06-07--19-01-46_2.wav,1,3.1499999999999986,-9.240000000000002
2022-06-07--20-00-55_2.wav,1,3.349999999999998,-9.07
2022-06-07--21-00-02_2.wav,1,5.020000000000003,-16.729999999999997
2022-06-07--21-59-10_2.wav,1,4.85,-17.770000000000003
2022-06-07--22-58-20_2.wav,1,4.6,-20.6
2022-06-07--23-57-34_2.wav,1,5.740000000000002,-24.759999999999998
2022-06-08--00-56-47_2.wav,1,5.890000000000002,-25.11
2022-06-08--01-55-59_2.wav,1,5.33,-22.03
2022-06-08--02-55-11_2.wav,1,5.020000000000001,-20.75
2022-06-08--03-54-28_2.wav,1,5.380000000000003,-20.950000000000003
2022-06-08--04-53-41_2.wav,1,5.41,-20.630000000000003
2022-06-08--05-52-54_2.wav,1,5.49,-20.85
2022-06-08--06-52-11_2.wav,1,4.91,-18.9
2022-06-08--07-51-48_2.wav,1,5.470000000000002,-7.520000000000003
2022-06-08--08-51-21_2.wav,1,7.289999999999999,1.0300000000000011
2022-06-08--09-50-41_2.wav,1,8.130000000000003,-4.619999999999997
2022-06-08--14-52-43_2.wav,0,5.460000000000004,-13.899999999999999
2022-06-08--15-51-41_2.wav,0,7.650000000000002,-20.29
2022-06-08--17-22-00_2.wav,0,5.960000000000001,-20.869999999999997
2022-06-08--18-21-07_2.wav,0,4.75,-21.479999999999997
2022-06-08--19-20-13_2.wav,0,4.219999999999999,-20.89
2022-06-08--20-19-23_2.wav,0,4.420000000000002,-19.240000000000002
2022-06-08--21-18-28_2.wav,0,4.109999999999999,-26.32
2022-06-08--22-17-37_2.wav,0,4.140000000000001,-33.2
2022-06-08--23-16-48_2.wav,0,3.879999999999999,-31.270000000000003
2022-06-09--00-15-57_2.wav,0,3.9399999999999995,-34.32
2022-06-09--01-15-07_2.wav,0,5.43,-28.130000000000003
2022-06-09--02-14-21_2.wav,0,3.830000000000002,-32.74
2022-06-09--03-13-33_2.wav,0,3.6599999999999984,-29.130000000000003
2022-06-09--04-12-46_2.wav,0,3.450000000000001,-28.0
2022-06-09--05-11-59_2.wav,0,3.7300000000000004,-32.69
2022-06-09--06-11-10_2.wav,0,4.990000000000002,-34.9
2022-06-09--07-10-29_2.wav,0,8.1,-32.34
2022-06-09--08-09-48_2.wav,0,14.45,-34.2
2022-06-09--09-09-12_2.wav,0,19.22,-32.26
2022-06-09--10-08-31_2.wav,0,21.189999999999998,-37.03
2022-06-09--11-07-46_2.wav,0,26.540000000000003,-35.35
2022-06-09--12-07-14_2.wav,0,26.65,-29.41
2022-06-09--13-06-37_2.wav,0,22.819999999999997,-25.07
2022-06-09--14-05-39_2.wav,0,13.080000000000002,-22.490000000000002
2022-06-09--15-04-51_2.wav,0,4.950000000000003,-14.989999999999998
2022-06-09--16-04-05_2.wav,0,2.6799999999999997,-10.3
2022-06-09--17-03-21_2.wav,0,1.7700000000000031,-8.16
2022-06-09--18-49-20_2.wav,1,7.969999999999999,-12.27
2022-06-09--19-48-31_2.wav,1,3.34,-13.04
2022-06-09--20-47-36_2.wav,1,3.530000000000001,-12.420000000000002
2022-06-09--21-46-45_2.wav,1,3.6300000000000026,-22.060000000000002
2022-06-09--22-45-55_2.wav,1,3.080000000000002,-21.43
2022-06-09--23-45-06_2.wav,1,2.960000000000001,-23.950000000000003
2022-06-10--00-44-16_2.wav,1,3.0599999999999987,-21.6
2022-06-10--01-43-29_2.wav,1,2.9800000000000004,-23.310000000000002
2022-06-10--02-42-41_2.wav,1,3.1999999999999993,-23.810000000000002
2022-06-10--03-41-56_2.wav,1,2.9200000000000017,-20.83
2022-06-10--04-41-06_2.wav,1,2.9299999999999997,-22.1
2022-06-10--05-40-19_2.wav,1,2.7700000000000014,-29.090000000000003
2022-06-10--06-39-32_2.wav,1,2.1400000000000006,-23.79
2022-06-10--07-39-02_2.wav,1,7.25,-16.409999999999997
2022-06-10--08-38-22_2.wav,1,16.71,-26.43
2022-06-10--09-37-48_2.wav,1,21.669999999999998,-31.08
2022-06-10--10-37-17_2.wav,1,23.809999999999995,-29.96
2022-06-10--11-36-39_2.wav,1,19.869999999999997,-22.59
2022-06-10--12-36-00_2.wav,1,18.64,-21.619999999999997
2022-06-10--13-35-11_2.wav,1,14.07,-18.85
2022-06-10--14-34-20_2.wav,1,5.960000000000001,-9.75
2022-06-10--15-33-29_2.wav,1,2.8700000000000045,-7.32
2022-06-10--16-32-41_2.wav,1,1.9500000000000028,-6.050000000000001
2022-06-10--17-45-44_2.wav,1,3.5700000000000003,-11.079999999999998
2022-06-10--18-44-45_2.wav,1,2.9200000000000017,-13.54
2022-06-10--19-43-51_2.wav,1,2.9200000000000017,-17.259999999999998
2022-06-10--20-42-55_2.wav,1,3.0700000000000003,-17.0
2022-06-10--21-42-01_2.wav,1,2.849999999999998,-19.840000000000003
2022-06-10--22-41-10_2.wav,1,2.84,-17.189999999999998
2022-06-10--23-40-18_2.wav,1,2.009999999999998,-16.200000000000003
2022-06-11--00-39-26_2.wav,1,1.8599999999999994,-13.399999999999999
2022-06-11--01-38-34_2.wav,1,1.6099999999999994,-17.009999999999998
2022-06-11--02-37-45_2.wav,1,1.4600000000000009,-21.740000000000002
2022-06-11--03-36-54_2.wav,1,2.0500000000000007,-23.89
2022-06-11--04-36-04_2.wav,1,2.1000000000000014,-24.369999999999997
2022-06-11--05-35-14_2.wav,1,2.3100000000000023,-26.21
2022-06-11--06-34-28_2.wav,1,2.4899999999999984,-25.630000000000003
2022-06-11--07-34-47_2.wav,1,6.609999999999999,-19.200000000000003
2022-06-11--08-33-45_2.wav,1,16.25,-26.85
2022-06-11--09-34-20_2.wav,1,22.669999999999998,-25.1
2022-06-11--10-33-55_2.wav,1,26.509999999999998,-24.73
2022-06-11--11-33-12_2.wav,1,23.290000000000003,-22.1
2022-06-11--12-32-18_2.wav,1,20.160000000000004,-20.77
2022-06-11--13-30-47_2.wav,1,15.439999999999998,-21.43
2022-06-11--14-29-57_2.wav,1,8.04,-19.39
2022-06-11--15-28-56_2.wav,1,4.59,-15.420000000000002
2022-06-11--16-44-58_2.wav,1,3.129999999999999,-12.420000000000002
2022-06-11--17-44-04_2.wav,1,3.4899999999999984,-14.5
2022-06-11--18-43-10_2.wav,1,3.1400000000000006,-14.46
2022-06-11--19-42-07_2.wav,1,2.969999999999999,-14.96
2022-06-11--20-41-11_2.wav,1,3.0500000000000007,-17.4
2022-06-11--21-40-17_2.wav,1,2.700000000000003,-22.08
2022-06-11--22-39-24_2.wav,1,2.530000000000001,-21.11
2022-06-11--23-38-36_2.wav,1,2.4700000000000024,-21.22
2022-06-12--00-37-49_2.wav,1,3.4700000000000024,-24.6
2022-06-12--01-37-00_2.wav,1,3.2900000000000027,-25.4
2022-06-12--02-36-11_2.wav,1,2.969999999999999,-22.9
2022-06-12--03-35-25_2.wav,1,2.9800000000000004,-26.83
2022-06-12--04-34-37_2.wav,1,3.080000000000002,-27.979999999999997
2022-06-12--05-33-50_2.wav,1,3.09,-25.520000000000003
2022-06-12--06-33-03_2.wav,1,3.870000000000001,-28.68
2022-06-12--07-32-30_2.wav,1,7.93,-27.54
2022-06-12--08-31-53_2.wav,1,17.299999999999997,-40.13
2022-06-12--09-31-04_2.wav,1,16.81,-41.010000000000005
2022-06-12--10-30-28_2.wav,1,24.47,-42.85
2022-06-12--11-29-44_2.wav,1,15.419999999999998,-35.269999999999996
2022-06-12--12-28-53_2.wav,1,14.59,-37.4
2022-06-12--13-28-02_2.wav,1,15.050000000000004,-36.370000000000005
2022-06-12--14-27-11_2.wav,1,16.790000000000003,-39.69
2022-06-12--15-26-04_2.wav,1,10.96,-34.620000000000005
2022-06-12--16-25-11_2.wav,1,8.720000000000002,-30.880000000000003
2022-06-12--17-03-34_2.wav,1,5.370000000000001,-22.590000000000003
2022-06-12--18-02-29_2.wav,1,6.960000000000001,-33.79
2022-06-12--19-01-33_2.wav,1,6.310000000000002,-31.380000000000003
2022-06-12--20-00-44_2.wav,1,5.169999999999998,-28.46
2022-06-12--20-59-54_2.wav,1,4.82,-29.47
2022-06-12--21-59-01_2.wav,1,4.840000000000002,-30.11
2022-06-12--22-58-10_2.wav,1,5.529999999999999,-28.369999999999997
2022-06-12--23-57-28_2.wav,1,5.850000000000001,-20.619999999999997
2022-06-13--00-56-42_2.wav,1,5.279999999999999,-38.91
2022-06-13--01-55-53_2.wav,1,5.049999999999999,-34.56
2022-06-13--02-55-04_2.wav,1,5.029999999999998,-37.87
2022-06-13--03-54-15_2.wav,1,5.359999999999999,-30.240000000000002
2022-06-13--04-53-24_2.wav,1,5.329999999999998,-39.47
2022-06-13--05-52-38_2.wav,1,5.67,-32.1
2022-06-13--06-51-50_2.wav,1,6.249999999999998,-35.48
2022-06-13--07-51-24_2.wav,1,13.690000000000001,-28.35
2022-06-13--08-50-45_2.wav,1,21.339999999999996,-35.82
2022-06-13--09-50-10_2.wav,1,26.419999999999998,-35.11
2022-06-13--10-49-36_2.wav,1,29.21,-36.36
2022-06-13--11-48-58_2.wav,1,29.8,-32.3
2022-06-13--12-48-18_2.wav,1,23.819999999999997,-30.119999999999997
2022-06-13--13-47-23_2.wav,1,17.56,-27.17
2022-06-13--14-46-29_2.wav,1,8.720000000000002,-18.73
2022-06-13--15-45-41_2.wav,1,6.239999999999998,-13.940000000000001
2022-06-13--16-45-02_2.wav,1,,21.39
2022-06-24--10-03-35_1.wav,1,17.729999999999997,-4.170000000000002
2022-06-24--11-03-30_1.wav,1,20.970000000000002,-17.02
2022-06-24--12-02-42_1.wav,1,17.039999999999996,-15.61
2022-06-24--13-01-08_1.wav,1,12.149999999999999,-14.489999999999998
2022-06-24--14-00-07_1.wav,1,5.75,-9.86
2022-06-24--14-59-04_1.wav,1,3.5500000000000043,-7.280000000000001
2022-06-24--15-58-15_1.wav,1,3.3599999999999994,-1.1599999999999966
2022-06-24--16-57-25_1.wav,1,2.3999999999999986,7.100000000000001
2022-06-24--17-56-26_1.wav,1,2.5500000000000043,3.520000000000003
2022-06-24--18-55-31_1.wav,1,4.280000000000001,9.439999999999998
2022-06-24--19-54-30_1.wav,1,7.129999999999999,11.149999999999999
2022-06-24--20-53-33_1.wav,1,9.68,8.950000000000003
2022-06-24--21-52-38_1.wav,1,11.0,3.5900000000000034
2022-06-24--22-51-46_1.wav,1,11.66,6.409999999999997
2022-06-24--23-51-14_1.wav,1,11.86,0.4200000000000017
2022-06-25--00-50-11_1.wav,1,12.099999999999998,0.39000000000000057
2022-06-25--01-49-19_1.wav,1,12.379999999999999,1.1599999999999966
2022-06-25--02-48-30_1.wav,1,12.43,-0.37999999999999545
2022-06-25--03-47-42_1.wav,1,12.73,-4.930000000000007
2022-06-25--04-46-52_1.wav,1,13.02,-2.680000000000007
2022-06-25--05-46-02_1.wav,1,13.110000000000001,-3.780000000000001
2022-06-25--06-45-24_1.wav,1,12.510000000000002,-10.75
2022-06-25--07-45-25_1.wav,1,12.060000000000002,-0.3299999999999983
2022-06-25--08-44-36_1.wav,1,11.199999999999996,7.600000000000001
2022-06-25--09-44-22_1.wav,1,18.950000000000003,-4.020000000000003
2022-06-25--10-43-44_1.wav,1,21.74,-8.5
2022-06-25--11-42-54_1.wav,1,17.17,-17.98
2022-06-25--12-41-45_1.wav,1,14.510000000000002,-13.510000000000002
2022-06-25--13-40-07_1.wav,1,10.009999999999998,-19.88
2022-06-25--15-04-12_1.wav,0,3.5600000000000023,-3.4200000000000017
2022-06-25--16-03-24_1.wav,0,3.969999999999999,5.100000000000001
2022-06-25--17-02-27_1.wav,0,3.8100000000000023,3.1899999999999977
2022-06-25--18-01-33_1.wav,0,5.170000000000002,2.25
2022-06-25--19-00-41_1.wav,0,6.950000000000003,11.159999999999997
2022-06-25--19-59-50_1.wav,0,9.939999999999998,9.259999999999998
2022-06-25--20-58-57_1.wav,0,12.939999999999998,2.0600000000000023
2022-06-25--21-58-09_1.wav,0,13.690000000000001,-0.45000000000000284
2022-06-25--22-57-22_1.wav,0,14.330000000000002,-3.1400000000000006
2022-06-25--23-56-32_1.wav,0,14.490000000000002,-8.510000000000005
2022-06-26--00-55-43_1.wav,0,14.68,-11.64
2022-06-26--01-54-51_1.wav,0,14.879999999999999,-12.849999999999994
2022-06-26--02-54-05_1.wav,0,15.010000000000002,-9.170000000000002
2022-06-26--03-53-17_1.wav,0,15.14,-14.810000000000002
2022-06-26--04-52-33_1.wav,0,14.719999999999999,-16.239999999999995
2022-06-26--05-51-52_1.wav,0,14.879999999999999,-18.480000000000004
2022-06-26--06-51-08_1.wav,0,14.28,-20.86
2022-06-26--07-50-24_1.wav,0,11.520000000000003,1.5799999999999983
2022-06-26--08-49-49_1.wav,0,10.93,-1.0399999999999991
2022-06-26--09-49-26_1.wav,0,10.649999999999999,4.460000000000001
2022-06-26--10-48-55_1.wav,0,9.810000000000002,12.75
2022-06-26--11-48-16_1.wav,0,9.630000000000003,8.829999999999998
2022-06-26--12-47-25_1.wav,0,8.27,-3.3900000000000006
2022-06-26--13-46-18_1.wav,0,7.219999999999999,-5.689999999999998
2022-06-26--14-45-27_1.wav,0,6.160000000000004,6.469999999999999
2022-06-26--15-44-40_1.wav,0,4.760000000000002,-2.460000000000001
2022-06-26--16-43-48_1.wav,0,4.18,4.170000000000002
2022-06-26--17-42-56_1.wav,0,4.829999999999998,10.090000000000003
2022-06-26--18-42-02_1.wav,0,6.740000000000002,5.380000000000003
2022-06-26--19-41-10_1.wav,0,9.39,6.57
2022-06-26--20-40-16_1.wav,0,12.100000000000001,-0.29000000000000625
2022-06-26--21-39-27_1.wav,0,12.95,-3.6500000000000057
2022-06-26--22-38-40_1.wav,0,13.52,-0.7399999999999949
2022-06-26--23-37-51_1.wav,0,14.129999999999999,-3.5900000000000034
2022-06-27--00-37-09_1.wav,0,14.68,-6.3700000000000045
2022-06-27--01-36-20_1.wav,0,14.720000000000002,-8.280000000000001
2022-06-27--02-35-34_1.wav,0,14.339999999999998,-15.370000000000005
2022-06-27--03-34-51_1.wav,0,14.459999999999999,-17.049999999999997
2022-06-27--04-34-04_1.wav,0,14.129999999999999,-14.219999999999999
2022-06-27--05-33-18_1.wav,0,14.04,-19.739999999999995
2022-06-27--06-32-32_1.wav,0,13.969999999999999,-16.36
2022-06-27--07-31-49_1.wav,0,13.52,-9.329999999999998
2022-06-27--08-31-09_1.wav,0,11.64,-3.019999999999996
2022-06-27--09-22-08_1.wav,0,7.459999999999997,-7.82
2022-06-27--10-21-13_1.wav,0,9.7,5.579999999999998
2022-06-27--11-20-47_1.wav,0,8.619999999999997,5.700000000000003
2022-06-27--12-20-07_1.wav,0,9.439999999999998,8.909999999999997
2022-06-27--13-19-05_1.wav,0,8.55,12.619999999999997
2022-06-27--14-18-17_1.wav,0,5.299999999999997,5.729999999999997
2022-06-27--15-17-24_1.wav,0,3.890000000000004,-2.8599999999999994
2022-06-27--16-16-33_1.wav,0,3.7899999999999956,7.950000000000003
2022-06-27--17-15-43_1.wav,0,3.509999999999998,-0.3999999999999986
2022-06-27--18-14-49_1.wav,0,4.98,13.880000000000003
2022-06-27--19-25-25_1.wav,1,4.220000000000002,19.900000000000006
2022-06-27--20-24-32_1.wav,1,6.5,18.42
2022-06-27--21-23-38_1.wav,1,8.559999999999999,12.900000000000006
2022-06-27--22-22-47_1.wav,1,8.86,8.650000000000006
2022-06-27--23-21-55_1.wav,1,9.170000000000002,11.019999999999996
2022-06-28--00-21-03_1.wav,1,9.379999999999999,9.060000000000002
2022-06-28--01-20-12_1.wav,1,9.55,10.739999999999995
2022-06-28--02-19-24_1.wav,1,9.81,10.219999999999999
2022-06-28--03-18-36_1.wav,1,10.05,10.469999999999999
2022-06-28--04-17-44_1.wav,1,9.93,7.769999999999996
2022-06-28--05-16-54_1.wav,1,10.159999999999998,13.310000000000002
2022-06-28--06-16-08_1.wav,1,10.73,7.780000000000001
2022-06-28--07-15-55_1.wav,1,12.44,-12.64
2022-06-28--08-15-02_1.wav,1,13.790000000000003,-9.04
2022-06-28--09-14-48_1.wav,1,11.440000000000001,2.539999999999999
2022-06-28--10-14-18_1.wav,1,10.360000000000003,8.939999999999998
2022-06-28--11-13-44_1.wav,1,10.670000000000002,15.21
2022-06-28--12-12-59_1.wav,1,9.48,4.789999999999999
2022-06-28--13-11-58_1.wav,1,7.889999999999997,9.490000000000002
2022-06-28--14-11-05_1.wav,1,5.100000000000001,8.340000000000003
2022-06-28--15-10-15_1.wav,1,4.200000000000003,7.840000000000003
2022-06-28--16-09-24_1.wav,1,3.9999999999999964,11.520000000000003
2022-06-28--17-08-34_1.wav,1,4.440000000000005,12.549999999999997
2022-06-28--18-29-45_1.wav,1,0.18999999999999773,3.549999999999997
2022-06-28--19-28-49_1.wav,1,5.100000000000001,24.129999999999995
2022-06-28--20-27-58_1.wav,1,6.940000000000001,26.11
2022-06-28--21-27-05_1.wav,1,8.060000000000002,23.879999999999995
2022-06-28--22-26-13_1.wav,1,9.260000000000002,18.689999999999998
2022-06-28--23-25-19_1.wav,1,9.529999999999998,15.870000000000005
2022-06-29--00-24-28_1.wav,1,10.14,18.159999999999997
2022-06-29--01-23-38_1.wav,1,10.389999999999999,14.420000000000002
2022-06-29--02-22-49_1.wav,1,10.66,11.709999999999994
2022-06-29--03-22-00_1.wav,1,11.019999999999998,6.290000000000006
2022-06-29--04-21-13_1.wav,1,11.170000000000002,9.629999999999995
2022-06-29--05-20-21_1.wav,1,11.25,9.819999999999993
2022-06-29--06-19-33_1.wav,1,10.910000000000002,4.989999999999995
2022-06-29--07-19-08_1.wav,1,11.819999999999999,-4.670000000000002
2022-06-29--08-18-36_1.wav,1,12.98,-4.150000000000006
2022-06-29--09-18-42_1.wav,1,17.419999999999998,-8.990000000000002
2022-06-29--10-18-07_1.wav,1,20.540000000000003,-13.369999999999997
2022-06-29--11-17-33_1.wav,1,22.42,-15.079999999999998
2022-06-29--12-16-53_1.wav,1,20.13,-24.13
2022-06-29--13-15-03_1.wav,1,14.990000000000002,-25.34
2022-06-29--14-14-09_1.wav,1,7.52,-11.399999999999999
2022-06-29--15-12-49_1.wav,1,7.779999999999998,1.6499999999999986
2022-06-29--16-11-49_1.wav,1,6.379999999999999,7.549999999999997
2022-06-30--18-24-20_1.wav,1,1.2399999999999984,-3.289999999999999
2022-06-30--19-23-19_1.wav,1,6.790000000000003,13.370000000000005
2022-06-30--20-22-25_1.wav,1,8.989999999999998,10.909999999999997
2022-06-30--21-21-31_1.wav,1,10.179999999999998,6.590000000000003
2022-06-30--22-20-40_1.wav,1,10.419999999999998,5.769999999999996
2022-06-30--23-19-59_1.wav,1,11.2,2.739999999999995
2022-07-01--00-19-07_1.wav,1,11.66,-2.0400000000000063
2022-07-01--01-18-17_1.wav,1,11.909999999999998,1.25
2022-07-01--02-17-27_1.wav,1,11.72,-2.6500000000000057
2022-07-01--03-16-39_1.wav,1,11.7,-1.5900000000000034
2022-07-01--04-15-51_1.wav,1,11.88,-4.439999999999998
2022-07-01--05-15-04_1.wav,1,11.920000000000002,-4.189999999999998
2022-07-01--06-14-14_1.wav,1,11.87,-2.75
2022-07-01--07-13-33_1.wav,1,12.290000000000001,-4.719999999999999
2022-07-01--08-13-37_1.wav,1,14.849999999999998,-15.07
2022-07-01--09-13-50_1.wav,1,17.11,-19.619999999999997
2022-07-01--10-13-33_1.wav,1,21.689999999999998,-22.46
2022-07-01--11-12-58_1.wav,1,24.99,-28.31
2022-07-01--12-42-18_1.wav,1,21.18,-26.68
2022-07-01--13-40-23_1.wav,1,14.439999999999998,-21.87
2022-07-01--14-39-10_1.wav,1,9.220000000000002,-16.63
2022-07-01--15-38-20_1.wav,1,8.379999999999999,1.9699999999999989
2022-07-01--16-37-23_1.wav,1,7.009999999999998,3.3100000000000023
2022-07-01--17-36-29_1.wav,1,6.98,7.759999999999998
2022-07-01--19-08-38_1.wav,1,3.1899999999999977,7.560000000000002
2022-07-01--20-07-21_1.wav,1,8.530000000000001,5.790000000000006
2022-07-01--21-06-42_1.wav,1,12.269999999999998,-4.3799999999999955
2022-07-01--22-05-58_1.wav,1,13.66,-12.040000000000006
2022-07-01--23-05-05_1.wav,1,13.48,-8.090000000000003
2022-07-02--00-04-23_1.wav,1,14.9,-11.480000000000004
2022-07-02--01-03-31_1.wav,1,14.959999999999999,-15.959999999999994
2022-07-02--02-02-40_1.wav,1,13.67,-15.780000000000001
2022-07-02--03-01-54_1.wav,1,14.44,-14.269999999999996
2022-07-02--04-01-13_1.wav,1,15.05,-11.810000000000002
2022-07-02--05-00-25_1.wav,1,14.800000000000002,-12.489999999999995
2022-07-02--05-59-41_1.wav,1,14.76,-15.969999999999999
2022-07-02--06-58-52_1.wav,1,14.62,-19.229999999999997
2022-07-02--07-58-20_1.wav,1,14.32,-17.0
2022-07-02--08-57-35_1.wav,1,13.840000000000002,-9.729999999999997
2022-07-02--09-56-39_1.wav,1,13.55,-11.46
2022-07-02--10-56-10_1.wav,1,12.469999999999999,-10.270000000000003
2022-07-02--11-55-37_1.wav,1,12.740000000000002,-7.68
2022-07-02--12-54-38_1.wav,1,11.2,-4.740000000000002
2022-07-02--13-53-34_1.wav,1,9.36,-8.850000000000001
2022-07-02--14-52-46_1.wav,1,7.379999999999999,0.9699999999999989
2022-07-02--17-25-11_1.wav,1,8.32,-2.460000000000001
2022-07-02--18-23-54_1.wav,1,8.940000000000001,-11.219999999999999
2022-07-02--19-23-00_1.wav,1,11.630000000000003,-12.780000000000001
2022-07-02--20-22-06_1.wav,1,11.870000000000001,-9.340000000000003
2022-07-02--21-21-14_1.wav,1,13.19,-9.760000000000005
2022-07-02--22-20-24_1.wav,1,13.27,-7.819999999999993
2022-07-02--23-19-39_1.wav,1,13.59,-9.409999999999997
2022-07-03--00-18-51_1.wav,1,13.709999999999999,-9.189999999999998
2022-07-03--01-18-05_1.wav,1,13.76,-10.700000000000003
2022-07-03--02-17-15_1.wav,1,13.59,-1.7399999999999949
2022-07-03--03-16-26_1.wav,1,13.690000000000001,-9.209999999999994
2022-07-03--04-15-39_1.wav,1,13.980000000000002,-6.760000000000005
2022-07-03--05-14-48_1.wav,1,13.8,-12.909999999999997
2022-07-03--06-13-59_1.wav,1,14.350000000000001,-8.980000000000004
2022-07-03--07-13-12_1.wav,1,13.929999999999998,-10.760000000000005
2022-07-03--08-12-28_1.wav,1,13.799999999999999,-11.079999999999998
2022-07-03--09-11-41_1.wav,1,13.209999999999999,-8.569999999999993
2022-07-03--10-10-57_1.wav,1,12.440000000000001,-3.010000000000005
2022-07-03--11-10-11_1.wav,1,11.940000000000001,2.260000000000005
2022-07-03--12-09-31_1.wav,1,12.0,7.730000000000004
2022-07-03--13-08-56_1.wav,1,11.099999999999998,-0.4399999999999977
2022-07-03--14-08-02_1.wav,1,8.690000000000001,-11.649999999999999
2022-07-03--15-07-28_1.wav,1,6.830000000000002,8.5
2022-07-03--16-06-38_1.wav,1,7.190000000000001,-5.329999999999998
2022-07-03--17-05-48_1.wav,1,6.34,-2.229999999999997
2022-07-03--18-04-54_1.wav,1,6.890000000000001,-8.979999999999997
2022-07-03--19-03-58_1.wav,1,10.220000000000002,-3.6799999999999997
2022-07-03--20-03-02_1.wav,1,11.96,-1.009999999999998
2022-07-03--21-02-06_1.wav,1,13.26,-11.64
2022-07-03--22-01-15_1.wav,1,14.27,-8.049999999999997
2022-07-03--23-00-27_1.wav,1,15.020000000000001,-9.930000000000007
2022-07-03--23-59-39_1.wav,1,15.33,-11.030000000000001
2022-07-04--00-58-48_1.wav,1,15.319999999999999,-7.799999999999997
2022-07-04--01-58-01_1.wav,1,15.489999999999998,-10.099999999999994
2022-07-04--02-57-15_1.wav,1,15.149999999999999,-13.5
2022-07-04--03-56-30_1.wav,1,14.329999999999998,-15.189999999999998
2022-07-04--04-55-41_1.wav,1,12.8,-9.030000000000001
2022-07-04--05-54-54_1.wav,1,13.53,-10.39
2022-07-04--06-54-06_1.wav,1,13.14,-12.650000000000006
2022-07-04--07-53-35_1.wav,1,12.71,-19.229999999999997
2022-07-04--08-52-56_1.wav,1,12.04,-13.43
2022-07-04--09-52-21_1.wav,1,12.359999999999996,-5.909999999999997
2022-07-04--10-51-34_1.wav,1,11.420000000000002,-8.350000000000001
2022-07-04--11-50-51_1.wav,1,10.760000000000002,-10.630000000000003
2022-07-04--12-50-12_1.wav,1,8.86,-9.829999999999998
2022-07-04--13-49-25_1.wav,1,7.039999999999999,-10.82
2022-07-04--14-48-38_1.wav,1,6.07,-10.670000000000002
2022-07-04--15-47-45_1.wav,1,6.950000000000003,-2.4299999999999997
2022-07-04--16-46-50_1.wav,1,6.109999999999999,-10.630000000000003
2022-07-04--17-46-00_1.wav,1,6.050000000000001,-12.369999999999997
2022-07-04--18-48-31_1.wav,1,6.199999999999999,-6.57
2022-07-04--19-47-40_1.wav,1,6.879999999999999,-15.189999999999998
2022-07-04--20-46-42_1.wav,1,8.66,-13.409999999999997
2022-07-04--21-45-51_1.wav,1,10.369999999999997,-17.5
2022-07-04--22-45-04_1.wav,1,9.939999999999998,-12.090000000000003
2022-07-04--23-44-33_1.wav,1,10.11,-9.459999999999994
2022-07-05--00-43-17_1.wav,1,9.57,-6.719999999999999
2022-07-05--01-42-28_1.wav,1,10.129999999999999,-12.030000000000001
2022-07-05--02-41-32_1.wav,1,7.48,-18.509999999999998
2022-07-05--03-40-42_1.wav,1,8.740000000000002,-13.069999999999993
2022-07-05--04-39-52_1.wav,1,9.220000000000002,-8.39
2022-07-05--05-39-02_1.wav,1,10.16,-4.189999999999998
2022-07-05--06-38-16_1.wav,1,10.5,-8.14
2022-07-05--07-37-32_1.wav,1,9.43,-10.340000000000003
2022-07-05--08-37-01_1.wav,1,8.98,-8.930000000000007
2022-07-05--09-36-17_1.wav,1,9.25,-8.299999999999997
2022-07-05--10-35-36_1.wav,1,10.300000000000004,-13.649999999999999
2022-07-05--11-34-47_1.wav,1,7.7499999999999964,-17.380000000000003
2022-07-05--12-33-57_1.wav,1,9.280000000000001,-15.310000000000002
2022-07-05--13-32-52_1.wav,1,6.84,-15.329999999999998
2022-07-05--14-32-08_1.wav,1,5.25,-13.719999999999999
2022-07-05--15-31-18_1.wav,1,4.879999999999999,0.35999999999999943
2022-07-05--16-30-31_1.wav,1,5.260000000000002,-9.25
2022-07-05--17-29-38_1.wav,1,5.27,-8.079999999999998
2022-07-05--18-28-41_1.wav,1,5.260000000000002,-8.939999999999998
2022-07-05--19-27-46_1.wav,1,5.759999999999998,-8.520000000000003
2022-07-05--20-26-51_1.wav,1,6.140000000000001,-19.060000000000002
2022-07-05--21-26-04_1.wav,1,9.740000000000002,-8.939999999999998
2022-07-05--22-25-26_1.wav,1,10.629999999999999,-1.8400000000000034
2022-07-05--23-24-37_1.wav,1,10.68,-3.469999999999999
2022-07-06--00-23-52_1.wav,1,10.370000000000001,-3.5600000000000023
2022-07-06--01-23-04_1.wav,1,10.100000000000001,-4.659999999999997
2022-07-06--02-22-17_1.wav,1,10.469999999999999,2.069999999999993
2022-07-06--03-21-47_1.wav,1,10.400000000000002,1.269999999999996
2022-07-06--04-20-59_1.wav,1,10.329999999999998,2.510000000000005
2022-07-06--05-20-11_1.wav,1,10.620000000000001,-3.219999999999999
2022-07-06--06-19-25_1.wav,1,9.39,-0.35999999999999943
2022-07-06--07-18-41_1.wav,1,9.54,4.900000000000006
2022-07-06--08-17-56_1.wav,1,9.940000000000001,0.5100000000000051
2022-07-06--09-17-18_1.wav,1,9.98,0.2600000000000051
2022-07-06--10-16-43_1.wav,1,10.86,-2.4099999999999966
2022-07-06--11-15-57_1.wav,1,11.119999999999997,-13.990000000000002
2022-07-06--12-15-20_1.wav,1,11.440000000000005,-14.5
2022-07-06--13-14-32_1.wav,1,10.850000000000001,-6.119999999999997
2022-07-06--14-13-48_1.wav,1,6.779999999999998,-13.719999999999999
2022-07-06--15-12-57_1.wav,1,6.300000000000001,-2.950000000000003
2022-07-06--16-12-54_1.wav,1,5.23,3.6599999999999966
2022-07-06--17-11-37_1.wav,1,5.400000000000002,-5.039999999999999
2022-07-06--18-10-58_1.wav,1,6.010000000000002,-2.789999999999999
2022-07-06--19-11-16_1.wav,1,5.710000000000001,-11.490000000000002
2022-07-06--20-10-24_1.wav,1,7.18,-16.880000000000003
2022-07-06--21-09-31_1.wav,1,9.629999999999999,-9.310000000000002
2022-07-06--22-10-00_1.wav,1,10.530000000000001,-9.329999999999998
2022-07-06--23-08-57_1.wav,1,11.370000000000001,-7.239999999999995
2022-07-07--00-09-04_1.wav,1,10.08,-13.659999999999997
2022-07-07--01-08-35_1.wav,1,11.54,-4.280000000000001
2022-07-07--02-08-26_1.wav,1,12.030000000000001,-7.590000000000003
2022-07-07--03-06-52_1.wav,1,11.74,-3.6500000000000057
2022-07-07--04-06-10_1.wav,1,11.830000000000002,-8.790000000000006
2022-07-07--05-08-42_1.wav,1,11.730000000000002,-11.060000000000002
2022-07-07--06-07-22_1.wav,1,11.430000000000001,-1.4200000000000017
2022-07-07--07-06-51_1.wav,1,11.529999999999998,-5.849999999999994
2022-07-07--08-05-44_1.wav,1,10.89,-8.129999999999995
2022-07-07--09-05-06_1.wav,1,10.830000000000002,-9.659999999999997
2022-07-07--10-04-31_1.wav,1,11.79,-10.829999999999998
2022-07-07--11-03-43_1.wav,1,13.220000000000002,-11.5
2022-07-07--12-03-12_1.wav,1,13.190000000000001,-7.420000000000002
2022-07-07--13-01-42_1.wav,1,12.66,-10.04
2022-07-07--14-00-54_1.wav,1,8.809999999999999,-7.030000000000001
2022-07-07--15-00-22_1.wav,1,6.549999999999997,4.0
2022-07-07--15-59-01_1.wav,1,6.07,-4.5
2022-07-07--16-58-09_1.wav,1,5.5,-0.46000000000000085
2022-07-07--17-57-13_1.wav,1,6.02,0.13000000000000256
2022-07-07--18-56-17_1.wav,1,5.93,-6.939999999999998
2022-07-07--19-55-27_1.wav,1,6.73,-4.359999999999999
2022-07-07--20-54-40_1.wav,1,8.580000000000002,-6.280000000000001
2022-07-07--21-53-50_1.wav,1,11.369999999999997,1.2900000000000063
2022-07-07--22-53-00_1.wav,1,11.119999999999997,-2.930000000000007
2022-07-07--23-52-43_1.wav,1,11.07,-0.9500000000000028
2022-07-07--23-55-59_1.wav,1,10.969999999999999,-1.3700000000000045
2022-07-08--00-56-41_1.wav,1,11.719999999999999,5.829999999999998
2022-07-08--01-55-53_1.wav,1,11.74,-3.519999999999996
2022-07-08--02-55-07_1.wav,1,12.259999999999998,-2.480000000000004
2022-07-08--03-54-17_1.wav,1,12.41,-5.0
2022-07-08--04-53-25_1.wav,1,12.399999999999999,-7.670000000000002
2022-07-08--05-52-36_1.wav,1,11.659999999999998,-0.8599999999999994
2022-07-08--06-51-57_1.wav,1,10.68,-6.909999999999997
2022-07-08--07-51-47_1.wav,1,9.68,-0.09000000000000341
2022-07-08--08-50-34_1.wav,1,8.52,3.9399999999999977
2022-07-08--09-50-20_1.wav,1,9.77,0.09000000000000341
2022-07-08--10-49-34_1.wav,1,10.550000000000004,-2.3100000000000023
2022-07-08--11-48-51_1.wav,1,10.620000000000001,-13.530000000000001
2022-07-08--12-48-01_1.wav,1,10.540000000000003,-11.29
2022-07-08--13-47-14_1.wav,1,7.379999999999999,-12.030000000000001
2022-07-08--14-46-25_1.wav,1,4.809999999999999,-6.729999999999997
2022-07-08--15-45-34_1.wav,1,3.629999999999999,-4.960000000000001
2022-07-08--16-44-43_1.wav,1,4.030000000000001,-4.43
2022-07-08--17-43-51_1.wav,1,5.889999999999997,4.25
2022-07-08--18-42-55_1.wav,1,6.009999999999998,-0.6400000000000006
2022-07-08--19-41-57_1.wav,1,6.559999999999999,-10.329999999999998
2022-07-08--20-41-04_1.wav,1,7.98,-0.8599999999999994
2022-07-08--21-40-10_1.wav,1,10.619999999999997,9.069999999999993
2022-07-08--23-41-33_1.wav,1,11.059999999999999,-5.849999999999994
2022-07-09--00-40-46_1.wav,1,11.610000000000001,0.6299999999999955
2022-07-09--01-40-05_1.wav,1,11.709999999999999,-5.469999999999999
2022-07-09--02-39-17_1.wav,1,11.749999999999998,-1.1500000000000057
2022-07-09--03-38-28_1.wav,1,11.6,-2.4399999999999977
2022-07-09--04-37-37_1.wav,1,11.79,-6.799999999999997
2022-07-09--05-37-03_1.wav,1,11.319999999999999,-2.569999999999993
2022-07-09--06-35-42_1.wav,1,10.97,0.0799999999999983
2022-07-09--07-35-11_1.wav,1,10.79,-2.5600000000000023
2022-07-09--08-34-36_1.wav,1,9.77,-3.3400000000000034
2022-07-09--09-34-03_1.wav,1,9.86,-4.329999999999998
2022-07-09--10-33-31_1.wav,1,11.649999999999999,-6.270000000000003
2022-07-09--11-32-41_1.wav,1,11.679999999999996,-16.29
2022-07-09--13-35-26_1.wav,1,10.070000000000004,-12.509999999999998
2022-07-09--14-35-13_1.wav,1,6.91,-4.689999999999998
2022-07-09--15-34-08_1.wav,1,5.390000000000001,-0.5200000000000031
2022-07-09--18-42-04_1.wav,1,4.789999999999999,-1.5200000000000031
2022-07-09--19-41-41_1.wav,1,6.109999999999999,-1.1700000000000017
2022-07-09--20-40-26_1.wav,1,7.959999999999997,-6.560000000000002
2022-07-09--21-40-06_1.wav,1,9.620000000000001,-5.149999999999999
2022-07-09--22-39-40_1.wav,1,9.95,-0.3400000000000034
2022-07-10--00-42-54_1.wav,1,10.649999999999999,1.5999999999999943
2022-07-10--01-43-36_1.wav,1,11.19,-3.799999999999997
2022-07-10--02-42-56_1.wav,1,10.920000000000002,-8.340000000000003
2022-07-10--03-42-26_1.wav,1,11.39,-1.9099999999999966
2022-07-10--04-41-21_1.wav,1,11.790000000000001,-7.340000000000003
2022-07-10--05-40-55_1.wav,1,11.440000000000001,-10.049999999999997
2022-07-10--06-39-34_1.wav,1,9.88,-10.769999999999996
2022-07-10--07-40-40_1.wav,1,10.240000000000002,-9.959999999999994
2022-07-10--08-42-00_1.wav,1,9.529999999999998,-10.299999999999997
2022-07-10--09-40-34_1.wav,1,9.369999999999997,-1.4099999999999966
2022-07-10--10-39-50_1.wav,1,10.059999999999999,-2.009999999999998
2022-07-10--11-39-23_1.wav,1,9.649999999999999,-5.469999999999999
2022-07-10--12-38-24_1.wav,1,8.549999999999997,-15.23
2022-07-10--13-37-42_1.wav,1,5.659999999999997,-8.270000000000003
2022-07-10--14-36-54_1.wav,1,2.230000000000004,-4.030000000000001
2022-07-10--15-36-07_1.wav,1,1.1000000000000014,-0.8500000000000014
2022-07-10--18-37-40_1.wav,1,2.729999999999997,-3.3200000000000003
2022-07-10--19-52-11_1.wav,1,5.040000000000003,-8.43
2022-07-10--21-37-12_1.wav,1,9.010000000000002,2.270000000000003
2022-07-11--06-14-15_1.wav,1,9.499999999999998,2.6700000000000017
2022-07-11--08-19-41_1.wav,1,6.969999999999999,5.049999999999997
2022-07-11--10-20-30_1.wav,1,8.800000000000004,-4.579999999999998
2022-07-11--11-19-17_1.wav,1,8.409999999999997,-11.34
2022-07-11--12-22-00_1.wav,1,7.520000000000003,-11.010000000000002
2022-07-11--19-25-17_1.wav,1,4.25,-8.11
2022-07-12--06-05-44_1.wav,1,8.090000000000002,-14.579999999999998
2022-07-12--07-04-56_1.wav,1,10.52,-2.730000000000004
2022-07-12--08-04-17_1.wav,1,8.969999999999999,-8.400000000000006
2022-07-12--09-03-41_1.wav,1,9.07,-8.520000000000003
2022-07-12--10-03-19_1.wav,1,11.759999999999998,-6.770000000000003
2022-07-12--11-02-27_1.wav,1,12.779999999999998,-2.8599999999999994
2022-07-12--12-01-45_1.wav,1,12.11,-11.82
2022-07-12--13-01-21_1.wav,1,10.299999999999997,-16.6
2022-07-12--14-00-17_1.wav,1,6.619999999999997,-9.920000000000002
2022-07-12--15-01-47_1.wav,1,4.669999999999998,-8.850000000000001
2022-07-12--16-00-54_1.wav,1,4.949999999999999,-11.399999999999999
2022-07-12--17-00-05_1.wav,1,4.84,-10.619999999999997
2022-07-12--17-59-09_1.wav,1,5.550000000000001,-10.479999999999997
2022-07-12--18-58-16_1.wav,1,5.77,-14.25
2022-07-12--19-57-19_1.wav,1,6.400000000000002,-18.840000000000003
2022-07-12--20-56-25_1.wav,1,9.670000000000002,-7.090000000000003
2022-07-12--21-55-32_1.wav,1,11.620000000000001,-3.2099999999999937
2022-07-12--22-54-41_1.wav,1,11.54,1.4399999999999977
2022-07-12--23-53-54_1.wav,1,10.34,-10.670000000000002
2022-07-13--00-53-05_1.wav,1,9.919999999999998,-12.5
2022-07-13--01-52-15_1.wav,1,9.59,-21.22
2022-07-13--02-51-31_1.wav,1,10.48,1.3700000000000045
2022-07-13--03-50-40_1.wav,1,10.57,-9.180000000000007
2022-07-13--04-49-50_1.wav,1,10.660000000000002,-7.560000000000002
2022-07-13--05-49-03_1.wav,1,9.02,-10.650000000000006
2022-07-13--07-47-40_1.wav,1,9.65,-1.4200000000000017
2022-07-13--08-47-04_1.wav,1,9.579999999999998,-9.900000000000006
2022-07-13--14-44-36_1.wav,1,5.449999999999999,-4.450000000000003
2022-07-13--17-42-02_1.wav,1,5.52,-3.5799999999999983
2022-07-13--21-38-28_1.wav,1,10.629999999999999,-7.150000000000006
2022-07-13--22-37-39_1.wav,1,10.220000000000002,-5.219999999999999
2022-07-14--10-28-38_1.wav,1,11.34,-10.869999999999997
2022-07-14--11-27-51_1.wav,1,11.709999999999997,-14.329999999999998
2022-07-14--12-27-07_1.wav,1,9.57,-17.740000000000002
2022-07-14--13-26-20_1.wav,1,7.859999999999999,-14.090000000000003
2022-07-14--14-25-33_1.wav,1,5.100000000000005,-7.850000000000001
2022-07-14--15-24-55_1.wav,1,4.050000000000001,3.200000000000003
2022-07-14--16-23-36_1.wav,1,4.459999999999997,-4.350000000000001
2022-07-14--17-22-39_1.wav,1,3.66,0.9600000000000009
2022-07-14--18-21-47_1.wav,1,4.82,2.8200000000000003
2022-07-14--19-20-53_1.wav,1,5.91,-2.509999999999998
2022-07-14--20-19-58_1.wav,1,6.849999999999998,-12.810000000000002
2022-07-14--21-19-04_1.wav,1,10.299999999999997,7.689999999999998
2022-07-14--23-22-40_1.wav,1,11.59,-1.2399999999999949
2022-07-15--00-21-50_1.wav,1,11.89,10.25
2022-07-15--01-20-58_1.wav,1,11.810000000000002,13.120000000000005
2022-07-15--02-20-13_1.wav,1,12.6,2.1200000000000045
2022-07-15--03-19-22_1.wav,1,12.870000000000001,6.859999999999999
2022-07-15--04-18-34_1.wav,1,12.979999999999999,5.5
2022-07-15--05-17-44_1.wav,1,13.190000000000001,4.079999999999998
2022-07-15--06-16-56_1.wav,1,11.74,-3.819999999999993
2022-07-15--07-16-18_1.wav,1,12.23,-4.219999999999999
2022-07-15--08-15-50_1.wav,1,10.82,2.719999999999999
2022-07-15--09-15-12_1.wav,1,9.73,-5.3700000000000045
2022-07-15--10-14-53_1.wav,1,11.61,-9.350000000000001
2022-07-15--11-14-12_1.wav,1,12.030000000000001,-9.149999999999999
2022-07-15--12-13-31_1.wav,1,11.059999999999999,-14.729999999999997
2022-07-15--13-12-45_1.wav,1,9.59,-11.369999999999997
2022-07-15--14-12-51_1.wav,1,6.899999999999999,-6.600000000000001
2022-07-15--15-12-01_1.wav,1,5.260000000000002,4.270000000000003
2022-06-14--20-15-04_2.wav,1,2.6800000000000033,-18.03
2022-06-14--21-15-24_2.wav,1,3.6900000000000013,-28.6
2022-06-15--01-26-10_2.wav,1,5.020000000000001,-45.14
2022-06-15--02-25-24_2.wav,1,5.779999999999999,-46.95
2022-06-15--05-32-54_2.wav,1,5.620000000000001,-50.42
2022-06-15--06-32-29_2.wav,1,5.470000000000001,-47.11
2022-06-15--07-32-56_2.wav,1,11.490000000000002,-38.28
2022-06-15--08-32-07_2.wav,1,18.740000000000002,-37.81
2022-06-15--09-32-36_2.wav,1,22.49,-30.01
2022-06-15--10-31-40_2.wav,1,24.07,-33.62
2022-06-15--11-30-55_2.wav,1,22.9,-34.12
2022-06-15--12-30-15_2.wav,1,22.0,-28.689999999999998
2022-06-15--13-28-45_2.wav,1,16.529999999999998,-26.42
2022-06-15--14-27-39_2.wav,1,7.649999999999999,-18.75
2022-06-15--15-26-47_2.wav,1,2.969999999999999,-16.27
2022-06-15--16-25-56_2.wav,1,2.219999999999999,-12.059999999999999
2022-06-15--17-24-59_2.wav,1,1.1699999999999982,-9.170000000000002
2022-06-15--18-24-11_2.wav,1,2.84,-12.32
2022-06-15--19-23-14_2.wav,1,2.2699999999999996,-18.66
2022-06-15--20-22-19_2.wav,1,3.0,-28.32
2022-06-15--21-21-25_2.wav,1,3.580000000000002,-31.22
2022-06-15--22-20-36_2.wav,1,3.4499999999999993,-34.29
2022-06-15--23-19-48_2.wav,1,4.27,-35.510000000000005
2022-06-16--00-18-58_2.wav,1,5.200000000000001,-17.53
2022-06-16--01-18-24_2.wav,1,5.450000000000001,-41.58
2022-06-16--02-17-07_2.wav,1,5.91,-35.72
2022-06-16--03-16-35_2.wav,1,5.92,-46.78
2022-06-16--04-15-43_2.wav,1,6.919999999999998,-26.509999999999998
2022-06-16--05-15-11_2.wav,1,6.170000000000002,-49.68
2022-06-16--06-14-12_2.wav,1,7.640000000000001,-40.61
2022-06-16--07-13-31_2.wav,1,11.959999999999999,-43.18
2022-06-16--08-12-31_2.wav,1,17.910000000000004,-35.94
2022-06-16--09-12-24_2.wav,1,23.04,-39.9
2022-06-16--10-12-01_2.wav,1,26.369999999999997,-39.41
2022-06-16--11-11-23_2.wav,1,26.880000000000003,-42.06
2022-06-16--12-10-39_2.wav,1,26.810000000000002,-40.07
2022-06-16--13-09-27_2.wav,1,23.69,-38.42
2022-06-16--14-07-27_2.wav,1,13.739999999999998,-28.29
2022-06-16--15-06-34_2.wav,1,6.600000000000001,-21.25
2022-06-16--16-05-45_2.wav,1,5.960000000000001,-19.18
2022-06-16--17-04-50_2.wav,1,5.969999999999999,-21.23
2022-06-16--18-04-02_2.wav,1,7.199999999999999,-22.37
2022-06-16--19-02-57_2.wav,1,5.739999999999998,-13.719999999999999
2022-06-16--20-01-57_2.wav,1,5.75,-27.28
2022-06-16--21-01-03_2.wav,1,6.1899999999999995,-19.299999999999997
2022-06-16--22-00-08_2.wav,1,7.949999999999999,-2.729999999999997
2022-06-16--22-59-34_2.wav,1,7.1,-15.520000000000003
2022-06-16--23-58-21_2.wav,1,6.5,-33.72
2022-06-24--10-03-17_2.wav,1,8.780000000000001,-11.170000000000002
2022-06-24--11-02-54_2.wav,1,10.110000000000003,-15.48
2022-06-24--12-02-08_2.wav,1,9.27,-13.579999999999998
2022-06-24--13-01-17_2.wav,1,7.439999999999998,-14.46
2022-06-24--14-00-20_2.wav,1,4.099999999999994,-10.91
2022-06-24--14-59-22_2.wav,1,2.3900000000000006,-7.100000000000001
2022-06-24--15-58-28_2.wav,1,2.210000000000001,-9.09
2022-06-24--16-57-37_2.wav,1,1.5200000000000031,-9.27
2022-06-24--17-56-42_2.wav,1,1.0200000000000031,-10.86
2022-06-24--18-55-41_2.wav,1,2.3299999999999983,-11.600000000000001
2022-06-24--19-54-43_2.wav,1,2.8599999999999994,-14.829999999999998
2022-06-24--20-53-47_2.wav,1,4.669999999999998,-22.240000000000002
2022-06-24--21-52-53_2.wav,1,4.849999999999998,-30.47
2022-06-24--22-52-03_2.wav,1,5.050000000000001,-33.83
2022-06-24--23-51-12_2.wav,1,5.890000000000001,-39.19
2022-06-25--00-50-22_2.wav,1,6.379999999999999,-40.23
2022-06-25--01-49-33_2.wav,1,6.48,-43.35
2022-06-25--02-48-45_2.wav,1,6.599999999999998,-42.97
2022-06-25--03-47-58_2.wav,1,6.759999999999998,-44.03
2022-06-25--04-47-09_2.wav,1,6.77,-44.74
2022-06-25--05-46-18_2.wav,1,6.869999999999999,-46.21
2022-06-25--06-45-34_2.wav,1,6.640000000000001,-45.6
2022-06-25--07-45-01_2.wav,1,5.66,-20.28
2022-06-25--08-44-24_2.wav,1,7.199999999999999,-9.229999999999997
2022-06-25--09-43-58_2.wav,1,8.629999999999999,-8.36
2022-06-25--10-43-26_2.wav,1,9.400000000000002,-10.829999999999998
2022-06-25--11-42-48_2.wav,1,10.549999999999997,-15.149999999999999
2022-06-25--12-41-58_2.wav,1,10.489999999999998,-13.48
2022-06-25--13-40-59_2.wav,1,8.02,-21.13
2022-06-25--15-04-33_2.wav,0,5.189999999999998,-14.11
2022-06-25--16-03-37_2.wav,0,3.0600000000000023,-14.73
2022-06-25--17-02-48_2.wav,0,2.75,-12.079999999999998
2022-06-25--18-01-55_2.wav,0,3.25,-12.440000000000001
2022-06-25--19-01-01_2.wav,0,1.8999999999999986,-10.530000000000001
2022-06-25--20-00-05_2.wav,0,2.5599999999999987,-18.35
2022-06-25--20-59-10_2.wav,0,2.969999999999999,-25.1
2022-06-25--21-58-20_2.wav,0,2.6899999999999977,-29.560000000000002
2022-06-25--22-57-32_2.wav,0,3.210000000000001,-35.43
2022-06-25--23-56-42_2.wav,0,3.4200000000000017,-37.91
2022-06-26--00-55-53_2.wav,0,3.7799999999999994,-40.4
2022-06-26--01-55-04_2.wav,0,4.01,-42.86
2022-06-26--02-54-17_2.wav,0,4.09,-42.9
2022-06-26--03-53-30_2.wav,0,4.0699999999999985,-42.74
2022-06-26--04-52-44_2.wav,0,4.77,-43.76
2022-06-26--05-51-56_2.wav,0,6.18,-45.44
2022-06-26--06-51-07_2.wav,0,7.369999999999999,-46.09
2022-06-26--07-50-20_2.wav,0,7.530000000000001,-24.29
2022-06-26--08-49-43_2.wav,0,17.469999999999995,-25.58
2022-06-26--09-49-13_2.wav,0,23.04,-32.86
2022-06-26--10-48-36_2.wav,0,23.97,-25.58
2022-06-26--11-47-55_2.wav,0,24.29,-26.86
2022-06-26--12-47-08_2.wav,0,19.439999999999998,-26.03
2022-06-26--13-46-18_2.wav,0,15.349999999999998,-28.03
2022-06-26--14-45-27_2.wav,0,6.700000000000003,-18.78
2022-06-26--15-44-38_2.wav,0,4.050000000000001,-15.66
2022-06-26--16-43-49_2.wav,0,2.8500000000000014,-14.579999999999998
2022-06-26--17-42-54_2.wav,0,2.5199999999999996,-13.07
2022-06-26--18-41-57_2.wav,0,3.289999999999999,-20.1
2022-06-26--19-41-01_2.wav,0,3.09,-20.58
2022-06-26--20-40-03_2.wav,0,3.2699999999999996,-29.21
2022-06-26--21-39-11_2.wav,0,2.549999999999997,-32.43
2022-06-26--22-38-20_2.wav,0,2.75,-39.51
2022-06-26--23-37-32_2.wav,0,3.110000000000001,-42.62
2022-06-27--00-36-44_2.wav,0,3.539999999999999,-44.29
2022-06-27--01-35-57_2.wav,0,4.0,-44.52
2022-06-27--02-35-11_2.wav,0,4.01,-44.57
2022-06-27--03-34-20_2.wav,0,5.549999999999999,-44.02
2022-06-27--04-33-32_2.wav,0,6.1,-44.49
2022-06-27--05-32-42_2.wav,0,6.109999999999998,-43.82
2022-06-27--06-31-57_2.wav,0,7.149999999999999,-43.92
2022-06-27--07-31-07_2.wav,0,8.379999999999999,-41.66
2022-06-27--08-30-28_2.wav,0,17.459999999999997,-37.56
2022-06-27--09-22-28_2.wav,0,18.459999999999997,-27.560000000000002
2022-06-27--10-20-13_2.wav,0,21.530000000000005,-31.32
2022-06-27--11-19-45_2.wav,0,23.589999999999996,-31.630000000000003
2022-06-27--12-18-31_2.wav,0,22.340000000000003,-28.060000000000002
2022-06-27--13-17-43_2.wav,0,17.849999999999998,-24.29
2022-06-27--14-16-54_2.wav,0,8.759999999999998,-18.92
2022-06-27--15-16-06_2.wav,0,3.360000000000003,-18.79
2022-06-27--16-15-16_2.wav,0,3.0299999999999976,-18.03
2022-06-27--17-14-23_2.wav,0,2.0500000000000007,-15.54
2022-06-27--18-13-28_2.wav,0,3.2600000000000016,-16.23
2022-06-27--19-25-32_2.wav,1,1.3900000000000006,-7.450000000000003
2022-06-27--20-24-33_2.wav,1,2.110000000000003,-13.259999999999998
2022-06-27--21-23-37_2.wav,1,2.7399999999999984,-17.299999999999997
2022-06-27--22-22-43_2.wav,1,3.009999999999998,-19.96
2022-06-27--23-21-51_2.wav,1,3.3500000000000014,-20.75
2022-06-28--00-20-58_2.wav,1,3.5500000000000007,-23.67
2022-06-28--01-20-09_2.wav,1,3.9499999999999993,-22.82
2022-06-28--02-19-17_2.wav,1,4.49,-25.04
2022-06-28--03-18-26_2.wav,1,4.84,-28.29
2022-06-28--04-17-36_2.wav,1,4.990000000000002,-30.060000000000002
2022-06-28--05-16-46_2.wav,1,4.999999999999998,-23.840000000000003
2022-06-28--06-16-00_2.wav,1,6.970000000000001,-33.44
2022-06-28--07-15-45_2.wav,1,11.6,-37.43
2022-06-28--08-14-40_2.wav,1,16.44,-34.6
2022-06-28--09-14-48_2.wav,1,18.049999999999997,-37.44
2022-06-28--10-14-20_2.wav,1,17.34,-29.94
2022-06-28--11-13-54_2.wav,1,17.810000000000002,-24.33
2022-06-28--12-13-12_2.wav,1,16.69,-25.3
2022-06-28--13-12-04_2.wav,1,12.849999999999998,-21.6
2022-06-28--14-10-34_2.wav,1,6.879999999999999,-16.31
2022-06-28--15-09-35_2.wav,1,3.0,-9.649999999999999
2022-06-28--16-08-41_2.wav,1,2.3699999999999974,-11.8
2022-06-28--17-07-45_2.wav,1,1.5800000000000018,-11.84
2022-06-28--18-29-56_2.wav,1,2.759999999999998,-12.989999999999998
2022-06-28--19-29-03_2.wav,1,2.0,-15.55
2022-06-28--20-28-09_2.wav,1,2.8000000000000007,-17.3
2022-06-28--21-27-16_2.wav,1,2.7699999999999996,-23.740000000000002
2022-06-28--22-26-20_2.wav,1,3.0,-29.990000000000002
2022-06-28--23-25-29_2.wav,1,3.5599999999999987,-35.72
2022-06-29--00-24-37_2.wav,1,3.990000000000002,-39.88
2022-06-29--01-23-48_2.wav,1,4.380000000000001,-43.06
2022-06-29--02-22-58_2.wav,1,5.16,-47.41
2022-06-29--03-22-07_2.wav,1,5.529999999999999,-48.7
2022-06-29--04-21-17_2.wav,1,6.25,-50.19
2022-06-29--05-20-23_2.wav,1,6.059999999999999,-49.32
2022-06-29--06-19-34_2.wav,1,6.700000000000001,-52.95
2022-06-29--07-19-04_2.wav,1,9.459999999999999,-50.17
2022-06-29--08-18-26_2.wav,1,14.829999999999998,-41.22
2022-06-29--09-18-09_2.wav,1,22.970000000000002,-37.16
2022-06-29--10-17-35_2.wav,1,25.52,-35.8
2022-06-29--11-17-07_2.wav,1,27.71,-39.8
2022-06-29--12-16-28_2.wav,1,25.729999999999997,-36.54
2022-06-29--13-15-40_2.wav,1,23.339999999999996,-38.05
2022-06-29--14-13-31_2.wav,1,11.41,-24.99
2022-06-29--15-12-27_2.wav,1,5.619999999999997,-17.03
2022-06-29--16-11-32_2.wav,1,4.890000000000001,-18.28
2022-06-29--17-00-11_2.wav,1,2.2300000000000004,-12.649999999999999
2022-06-29--17-59-12_2.wav,1,4.870000000000001,-23.96
2022-06-29--18-58-09_2.wav,1,4.18,-28.05
2022-06-29--19-57-13_2.wav,1,4.09,-35.37
2022-06-29--20-56-16_2.wav,1,4.190000000000001,-41.15
2022-06-29--21-55-24_2.wav,1,5.389999999999999,-48.52
2022-06-29--22-54-35_2.wav,1,6.640000000000001,-36.43
2022-06-29--23-53-49_2.wav,1,6.93,-52.379999999999995
2022-06-30--00-53-00_2.wav,1,7.549999999999999,-52.72
2022-06-30--01-52-10_2.wav,1,7.85,-52.28
2022-06-30--02-51-21_2.wav,1,7.860000000000001,-52.510000000000005
2022-06-30--03-50-31_2.wav,1,8.09,-51.61
2022-06-30--04-49-40_2.wav,1,8.360000000000001,-44.16
2022-06-30--05-48-50_2.wav,1,8.399999999999999,-41.71
2022-06-30--06-47-59_2.wav,1,8.36,-30.9
2022-06-30--07-47-14_2.wav,1,9.21,-37.51
2022-06-30--08-46-38_2.wav,1,12.219999999999999,-38.95
2022-06-30--09-46-45_2.wav,1,24.05,-38.57
2022-06-30--10-46-15_2.wav,1,28.46,-39.15
2022-06-30--11-45-41_2.wav,1,29.59,-38.19
2022-06-30--12-44-48_2.wav,1,26.189999999999998,-34.31
2022-06-30--13-43-06_2.wav,1,19.17,-32.519999999999996
2022-06-30--14-42-07_2.wav,1,9.009999999999998,-24.93
2022-06-30--15-41-07_2.wav,1,6.109999999999999,-23.54
2022-06-30--16-40-15_2.wav,1,5.109999999999999,-23.61
2022-06-30--17-39-21_2.wav,1,4.32,-24.46
2022-07-02--17-26-27_2.wav,1,4.699999999999999,-22.630000000000003
2022-07-02--18-25-48_2.wav,1,5.809999999999999,-26.740000000000002
2022-07-02--19-24-53_2.wav,1,5.370000000000001,-26.96
2022-07-02--20-24-01_2.wav,1,5.210000000000001,-38.24
2022-07-02--21-23-11_2.wav,1,5.0600000000000005,-40.16
2022-07-02--22-22-21_2.wav,1,4.73,-38.7
2022-07-02--23-21-36_2.wav,1,5.41,-40.09
2022-07-03--00-20-49_2.wav,1,6.229999999999999,-38.66
2022-07-03--01-20-01_2.wav,1,6.6899999999999995,-38.68
2022-07-03--02-19-13_2.wav,1,6.900000000000002,-40.42
2022-07-03--03-18-24_2.wav,1,6.970000000000001,-37.92
2022-07-03--04-17-36_2.wav,1,7.029999999999999,-42.6
2022-07-03--05-16-49_2.wav,1,7.1899999999999995,-43.52
2022-07-03--06-15-59_2.wav,1,7.280000000000001,-42.42
2022-07-03--07-15-14_2.wav,1,8.12,-43.04
2022-07-03--08-14-28_2.wav,1,9.06,-41.01
2022-07-03--09-13-44_2.wav,1,9.83,-36.72
2022-07-03--10-13-01_2.wav,1,10.61,-30.979999999999997
2022-07-03--11-12-13_2.wav,1,10.350000000000001,-26.060000000000002
2022-07-03--12-11-40_2.wav,1,15.069999999999997,-20.28
2022-07-03--13-11-29_2.wav,1,18.47,-28.54
2022-07-03--14-09-50_2.wav,1,12.840000000000003,-26.23
2022-07-03--15-08-57_2.wav,1,6.690000000000001,-22.82
2022-07-03--16-08-07_2.wav,1,5.279999999999998,-18.619999999999997
2022-07-03--17-07-30_2.wav,1,4.52,-19.05
2022-07-03--18-11-20_2.wav,1,5.369999999999997,-22.3
2022-07-03--19-10-34_2.wav,1,4.140000000000001,-25.36
2022-07-03--20-09-13_2.wav,1,3.8900000000000006,-30.22
2022-07-03--21-08-19_2.wav,1,3.790000000000001,-35.49
2022-07-03--22-07-30_2.wav,1,3.9800000000000004,-40.89
2022-07-03--23-06-41_2.wav,1,4.279999999999999,-43.22
2022-07-04--00-05-51_2.wav,1,4.3100000000000005,-45.81
2022-07-04--01-05-00_2.wav,1,4.52,-46.79
2022-07-04--02-04-13_2.wav,1,5.100000000000001,-45.75
2022-07-04--03-03-26_2.wav,1,5.370000000000001,-44.87
2022-07-04--04-02-43_2.wav,1,5.3100000000000005,-43.63
2022-07-04--05-01-54_2.wav,1,5.640000000000001,-44.29
2022-07-04--06-01-05_2.wav,1,5.689999999999998,-24.619999999999997
2022-07-04--07-00-21_2.wav,1,7.559999999999999,-43.31
2022-07-04--07-59-42_2.wav,1,14.57,-36.82
2022-07-04--08-58-57_2.wav,1,20.2,-38.43
2022-07-04--09-58-25_2.wav,1,20.32,-39.7
2022-07-04--10-57-59_2.wav,1,16.05,-32.85
2022-07-04--11-56-52_2.wav,1,15.100000000000001,-32.64
2022-07-04--12-56-11_2.wav,1,17.17,-31.88
2022-07-04--13-55-26_2.wav,1,15.339999999999996,-29.28
2022-07-04--14-54-34_2.wav,1,11.060000000000002,-27.97
2022-07-04--15-56-31_2.wav,1,9.939999999999998,-27.99
2022-07-04--16-55-37_2.wav,1,7.099999999999998,-25.95
2022-07-04--17-54-47_2.wav,1,6.539999999999999,-26.759999999999998
2022-07-04--18-53-55_2.wav,1,5.0,-27.409999999999997
2022-07-04--19-52-59_2.wav,1,4.420000000000002,-27.159999999999997
2022-07-04--20-52-03_2.wav,1,3.91,-28.259999999999998
2022-07-04--21-51-47_2.wav,1,3.6000000000000014,-31.630000000000003
2022-07-04--22-59-04_2.wav,1,3.5799999999999983,-30.909999999999997
2022-07-04--23-58-17_2.wav,1,3.460000000000001,-31.78
2022-07-05--00-57-29_2.wav,1,3.0500000000000007,-32.27
2022-07-05--01-56-38_2.wav,1,2.9800000000000004,-31.259999999999998
2022-07-05--02-55-46_2.wav,1,2.7900000000000027,-32.12
2022-07-05--03-54-55_2.wav,1,2.8500000000000014,-31.68
2022-07-05--04-55-09_2.wav,1,2.66,-32.88
2022-07-05--05-53-35_2.wav,1,2.879999999999999,-34.42
2022-07-05--06-52-51_2.wav,1,4.399999999999999,-35.02
2022-07-05--07-52-11_2.wav,1,9.469999999999999,-31.259999999999998
2022-07-05--08-51-36_2.wav,1,13.379999999999999,-33.63
2022-07-05--09-50-55_2.wav,1,17.89,-34.53
2022-07-05--10-50-37_2.wav,1,22.750000000000004,-38.269999999999996
2022-07-05--11-49-30_2.wav,1,20.11,-36.69
2022-07-05--12-48-30_2.wav,1,18.21,-40.14
2022-07-05--13-47-17_2.wav,1,8.73,-29.27
2022-07-05--14-46-32_2.wav,1,8.159999999999997,-27.57
2022-07-05--15-45-44_2.wav,1,7.09,-24.659999999999997
2022-07-05--16-45-15_2.wav,1,6.489999999999998,-23.729999999999997
2022-07-05--17-43-58_2.wav,1,4.800000000000001,-21.75
2022-07-05--18-43-04_2.wav,1,3.8299999999999983,-24.409999999999997
2022-07-05--19-42-23_2.wav,1,2.8000000000000007,-25.549999999999997
2022-07-05--20-41-12_2.wav,1,2.6999999999999993,-27.770000000000003
2022-07-05--22-44-10_2.wav,1,2.1000000000000014,-31.990000000000002
2022-07-05--23-43-52_2.wav,1,2.5299999999999976,-33.73
2022-07-06--00-42-40_2.wav,1,3.5500000000000007,-34.96
2022-07-06--01-41-53_2.wav,1,3.9499999999999993,-33.53
2022-07-06--03-42-38_2.wav,1,4.280000000000001,-32.43
2022-07-06--04-41-50_2.wav,1,4.32,-32.82
2022-07-06--05-40-59_2.wav,1,4.109999999999999,-30.810000000000002
2022-07-06--06-40-12_2.wav,1,4.529999999999998,-30.659999999999997
2022-07-06--07-39-26_2.wav,1,5.48,-28.5
2022-07-06--08-38-42_2.wav,1,6.510000000000002,-25.590000000000003
2022-07-06--09-38-12_2.wav,1,15.009999999999998,-26.78
2022-07-06--10-37-58_2.wav,1,20.79,-35.129999999999995
2022-07-06--11-36-55_2.wav,1,20.49,-32.33
2022-07-06--12-36-36_2.wav,1,23.68,-37.28
2022-07-06--13-35-01_2.wav,1,16.960000000000004,-31.11
2022-07-06--14-34-31_2.wav,1,7.620000000000001,-27.32
2022-07-06--15-33-11_2.wav,1,4.629999999999999,-22.27
2022-07-06--16-32-31_2.wav,1,3.9299999999999997,-22.83
2022-07-06--17-31-12_2.wav,1,3.799999999999997,-24.509999999999998
2022-07-06--18-30-44_2.wav,1,4.550000000000001,-25.47
2022-07-06--19-29-18_2.wav,1,2.8800000000000026,-18.82
2022-07-06--20-28-23_2.wav,1,2.7600000000000016,-27.759999999999998
2022-07-06--21-27-33_2.wav,1,2.4399999999999977,-31.689999999999998
2022-07-06--22-26-45_2.wav,1,2.5299999999999976,-32.31
2022-07-06--23-29-23_2.wav,1,2.370000000000001,-35.74
2022-07-07--00-28-35_2.wav,1,3.619999999999999,-34.92
2022-07-07--01-27-48_2.wav,1,4.110000000000001,-34.92
2022-07-07--02-26-59_2.wav,1,4.33,-34.17
2022-07-07--03-26-13_2.wav,1,4.200000000000001,-34.17
2022-07-07--04-25-29_2.wav,1,4.389999999999999,-34.57
2022-07-07--05-24-42_2.wav,1,4.640000000000001,-34.53
2022-07-07--06-24-26_2.wav,1,4.899999999999999,-33.74
2022-07-07--07-22-56_2.wav,1,6.59,-34.06
2022-07-07--08-22-13_2.wav,1,9.240000000000002,-32.27
2022-07-07--09-21-35_2.wav,1,19.77,-34.61
2022-07-07--10-20-57_2.wav,1,24.71,-37.55
2022-07-07--11-20-34_2.wav,1,26.8,-42.06
2022-07-07--12-21-08_2.wav,1,26.45,-40.97
2022-07-07--13-19-30_2.wav,1,21.259999999999998,-37.7
2022-07-07--14-18-57_2.wav,1,9.879999999999995,-26.7
2022-07-07--15-17-36_2.wav,1,4.949999999999999,-22.83
2022-07-07--16-17-49_2.wav,1,4.340000000000003,-19.83
2022-07-07--17-16-34_2.wav,1,3.830000000000002,-16.9
2022-07-07--18-16-21_2.wav,1,5.080000000000002,-19.97
2022-07-07--19-17-27_2.wav,1,2.7300000000000004,-22.240000000000002
2022-07-07--20-16-51_2.wav,1,2.8200000000000003,-25.799999999999997
2022-07-07--21-15-59_2.wav,1,2.7399999999999984,-30.240000000000002
2022-07-07--22-14-11_2.wav,1,2.6799999999999997,-31.799999999999997
2022-07-07--23-13-22_2.wav,1,2.4400000000000013,-35.21
2022-07-08--00-14-56_2.wav,1,2.570000000000002,-36.57
2022-07-08--01-14-07_2.wav,1,2.7300000000000004,-37.98
2022-07-08--02-13-18_2.wav,1,2.8400000000000016,-38.17
2022-07-08--03-12-29_2.wav,1,3.040000000000001,-40.99
2022-07-08--04-12-14_2.wav,1,2.9399999999999995,-40.83
2022-07-08--05-10-39_2.wav,1,3.7500000000000018,-43.79
2022-07-08--06-09-51_2.wav,1,3.5,-44.52
2022-07-08--07-09-47_2.wav,1,7.600000000000001,-38.6
2022-07-08--08-08-29_2.wav,1,14.489999999999998,-32.92
2022-07-08--09-08-34_2.wav,1,19.92,-34.489999999999995
2022-07-08--10-07-58_2.wav,1,24.110000000000003,-34.3
2022-07-08--11-08-46_2.wav,1,25.96,-36.59
2022-07-08--12-08-53_2.wav,1,24.840000000000003,-35.63
2022-07-08--13-06-47_2.wav,1,20.750000000000004,-33.63
2022-07-08--14-09-50_2.wav,1,9.960000000000004,-23.92
2022-07-08--15-08-24_2.wav,1,4.5,-20.64
2022-07-08--16-07-49_2.wav,1,3.2900000000000027,-17.75
2022-07-08--18-10-05_2.wav,1,4.599999999999998,-19.71
2022-07-08--19-09-34_2.wav,1,2.4800000000000004,-18.32
2022-07-08--20-08-46_2.wav,1,2.460000000000001,-22.799999999999997
2022-07-08--21-07-28_2.wav,1,2.169999999999998,-24.979999999999997
2022-07-08--22-06-22_2.wav,1,2.0299999999999976,-30.909999999999997
2022-07-09--00-04-21_2.wav,1,2.1700000000000017,-39.45
2022-07-09--01-03-30_2.wav,1,2.4499999999999993,-40.9
2022-07-09--02-02-58_2.wav,1,2.41,-41.74
2022-07-09--03-02-18_2.wav,1,2.51,-41.97
2022-07-09--04-00-47_2.wav,1,2.5699999999999985,-42.81
2022-07-09--05-00-15_2.wav,1,2.5700000000000003,-42.88
2022-07-09--05-58-53_2.wav,1,2.5999999999999996,-43.61
2022-07-09--06-58-12_2.wav,1,5.700000000000001,-41.81
2022-07-09--07-57-34_2.wav,1,13.309999999999999,-38.25
2022-07-09--08-57-12_2.wav,1,19.22,-42.62
2022-07-09--09-56-11_2.wav,1,23.589999999999996,-41.04
2022-07-09--11-58-41_2.wav,1,25.270000000000003,-42.89
2022-07-09--12-59-39_2.wav,1,21.55,-38.42
2022-07-09--13-58-05_2.wav,1,11.610000000000003,-30.18
2022-07-09--14-57-13_2.wav,1,5.23,-23.76
2022-07-09--15-56-25_2.wav,1,3.9800000000000004,-20.07
2022-07-09--16-55-44_2.wav,1,3.6499999999999986,-18.92
2022-07-09--17-55-02_2.wav,1,3.3800000000000026,-20.060000000000002
2022-07-09--18-54-22_2.wav,1,2.870000000000001,-20.96
2022-07-09--19-53-03_2.wav,1,2.5799999999999983,-19.759999999999998
2022-07-09--20-52-10_2.wav,1,2.6099999999999994,-21.33
2022-07-09--21-51-33_2.wav,1,2.219999999999999,-25.47
2022-07-09--22-50-18_2.wav,1,1.9800000000000004,-31.310000000000002
2022-07-09--23-49-27_2.wav,1,2.030000000000001,-35.35
2022-07-10--00-48-36_2.wav,1,1.9100000000000001,-37.09
2022-07-10--01-47-45_2.wav,1,2.24,-37.34
2022-07-10--02-46-54_2.wav,1,2.3999999999999986,-41.42
2022-07-10--03-45-59_2.wav,1,2.34,-42.24
2022-07-10--04-45-13_2.wav,1,2.429999999999998,-43.59
2022-07-10--05-44-39_2.wav,1,2.130000000000001,-43.67
2022-07-10--06-43-27_2.wav,1,3.1500000000000004,-43.71
2022-07-10--07-43-18_2.wav,1,10.84,-33.48
2022-07-10--08-42-54_2.wav,1,18.9,-37.15
2022-07-10--09-43-41_2.wav,1,23.019999999999996,-34.58
2022-07-10--10-42-52_2.wav,1,24.860000000000003,-38.22
2022-07-10--11-43-06_2.wav,1,25.33,-35.769999999999996
2022-07-10--12-42-27_2.wav,1,21.58,-35.95
2022-07-10--13-40-52_2.wav,1,12.350000000000001,-25.52
2022-07-10--14-40-18_2.wav,1,4.789999999999999,-15.170000000000002
2022-07-10--15-39-44_2.wav,1,2.5700000000000003,-9.98
2022-07-10--16-38-56_2.wav,1,2.1600000000000037,-8.64
2022-07-10--17-38-05_2.wav,1,1.8099999999999987,-8.46
2022-07-10--18-36-58_2.wav,1,2.2699999999999996,-12.760000000000002
2022-07-10--19-35-56_2.wav,1,2.4200000000000017,-15.75
2022-07-10--20-35-10_2.wav,1,2.7300000000000004,-13.43
2022-07-10--21-34-27_2.wav,1,1.7800000000000011,-16.82
2022-07-10--22-33-37_2.wav,1,1.7600000000000016,-15.46
2022-07-10--23-32-49_2.wav,1,1.5700000000000003,-16.119999999999997
2022-07-11--00-32-00_2.wav,1,1.620000000000001,-20.020000000000003
2022-07-11--01-31-46_2.wav,1,1.4399999999999977,-24.159999999999997
2022-07-11--02-31-03_2.wav,1,1.8500000000000014,-27.560000000000002
2022-07-11--03-30-14_2.wav,1,2.0500000000000007,-29.509999999999998
2022-07-11--04-29-25_2.wav,1,2.0,-31.200000000000003
2022-07-11--05-28-37_2.wav,1,1.8000000000000007,-30.72
2022-07-11--06-28-05_2.wav,1,1.9699999999999989,-30.240000000000002
2022-07-11--07-27-46_2.wav,1,9.080000000000002,-26.21
2022-07-11--08-28-20_2.wav,1,16.040000000000003,-26.950000000000003
2022-07-11--09-27-27_2.wav,1,21.28,-32.269999999999996
2022-07-11--10-27-12_2.wav,1,24.07,-36.18
2022-07-11--11-26-41_2.wav,1,24.39,-31.880000000000003
2022-07-11--12-25-43_2.wav,1,18.450000000000003,-27.29
2022-07-11--13-24-24_2.wav,1,14.46,-24.98
2022-07-11--14-23-58_2.wav,1,6.620000000000001,-17.12
2022-07-11--15-24-07_2.wav,1,3.210000000000001,-11.850000000000001
2022-07-11--16-23-12_2.wav,1,2.289999999999999,-12.34
2022-07-11--17-21-59_2.wav,1,1.7699999999999996,-14.29
2022-07-11--18-20-59_2.wav,1,3.6700000000000017,-16.29
2022-07-11--19-20-32_2.wav,1,2.1799999999999997,-12.96
2022-07-11--21-21-30_2.wav,1,3.3299999999999983,-24.259999999999998
2022-07-11--22-20-49_2.wav,1,2.710000000000001,-28.33
2022-07-11--23-20-02_2.wav,1,2.6599999999999966,-30.340000000000003
2022-07-12--00-25-33_2.wav,1,2.66,-34.78
2022-07-12--01-24-45_2.wav,1,2.719999999999999,-37.76
2022-07-12--02-23-55_2.wav,1,2.6899999999999995,-37.26
2022-07-12--03-23-08_2.wav,1,2.9800000000000004,-36.88
2022-07-12--04-22-20_2.wav,1,2.7600000000000016,-36.99
2022-07-12--05-21-31_2.wav,1,2.7499999999999982,-37.42
2022-07-12--06-20-44_2.wav,1,3.6499999999999986,-36.69
2022-07-12--07-20-17_2.wav,1,5.35,-35.13
2022-07-12--08-19-19_2.wav,1,11.389999999999997,-37.37
2022-07-12--09-19-37_2.wav,1,21.179999999999996,-43.0
2022-07-12--10-18-46_2.wav,1,25.49,-43.89
2022-07-12--11-18-02_2.wav,1,28.56,-42.8
2022-07-12--12-17-36_2.wav,1,26.25,-40.01
2022-07-12--13-15-19_2.wav,1,20.320000000000004,-31.880000000000003
2022-07-12--14-14-09_2.wav,1,9.5,-21.84
2022-07-12--15-12-56_2.wav,1,5.379999999999999,-17.48
2022-07-12--16-12-07_2.wav,1,4.600000000000001,-20.17
2022-07-12--17-10-55_2.wav,1,4.109999999999999,-16.43
2022-07-12--18-09-43_2.wav,1,5.870000000000001,-21.200000000000003
2022-07-12--19-08-31_2.wav,1,3.8900000000000006,-21.549999999999997
2022-07-12--20-09-00_2.wav,1,3.84,-24.46
2022-07-12--21-07-38_2.wav,1,3.9899999999999984,-27.18
2022-07-12--22-07-06_2.wav,1,3.030000000000001,-31.0
2022-07-12--23-09-41_2.wav,1,2.889999999999997,-34.7
2022-07-13--00-08-52_2.wav,1,2.7699999999999996,-34.72
2022-07-13--01-08-06_2.wav,1,2.780000000000001,-36.05
2022-07-13--02-07-17_2.wav,1,2.67,-38.45
2022-07-13--03-06-31_2.wav,1,2.4499999999999993,-36.83
2022-07-13--04-05-58_2.wav,1,2.9499999999999993,-31.71
2022-07-13--05-04-40_2.wav,1,2.369999999999999,-38.62
2022-07-13--08-02-57_2.wav,1,11.56,-34.13
2022-07-13--21-58-04_2.wav,1,2.8599999999999994,-30.740000000000002
2022-07-14--09-52-14_2.wav,1,23.249999999999996,-45.22
2022-07-14--10-54-43_2.wav,1,25.85,-44.18
2022-07-14--11-57-48_2.wav,1,23.91,-40.019999999999996
2022-07-14--13-01-08_2.wav,1,20.090000000000003,-35.37
2022-07-14--14-01-51_2.wav,1,10.489999999999998,-24.4
2022-07-14--15-03-25_2.wav,1,4.490000000000002,-16.05
2022-07-14--16-02-50_2.wav,1,3.030000000000001,-17.31
2022-07-14--17-01-03_2.wav,1,2.450000000000003,-15.579999999999998
2022-07-14--18-01-02_2.wav,1,3.979999999999997,-15.530000000000001
2022-07-14--19-00-10_2.wav,1,3.099999999999998,-19.58
2022-07-14--19-59-41_2.wav,1,2.8999999999999986,-19.840000000000003
2022-07-14--20-58-44_2.wav,1,3.1000000000000014,-25.78
2022-07-14--21-57-19_2.wav,1,2.7799999999999976,-30.18
2022-07-15--00-02-18_2.wav,1,3.2499999999999982,-38.95
2022-07-15--01-05-24_2.wav,1,3.4499999999999993,-41.22
2022-07-15--02-05-35_2.wav,1,3.9399999999999995,-45.45
2022-07-15--03-08-59_2.wav,1,3.9400000000000013,-45.05
2022-07-15--04-07-19_2.wav,1,4.050000000000001,-46.39
2022-07-15--05-06-30_2.wav,1,4.129999999999999,-48.93
2022-07-15--06-05-42_2.wav,1,4.499999999999998,-49.18
2022-07-15--07-05-32_2.wav,1,8.280000000000001,-46.3
2022-07-15--11-18-39_2.wav,1,27.260000000000005,-43.01
2022-07-15--13-25-58_2.wav,1,19.34,-33.64
2022-07-15--14-24-58_2.wav,1,8.490000000000002,-22.52
2022-07-15--15-28-21_2.wav,1,4.650000000000002,-17.1
