file name,queen presence
2022-06-08--14-52-28_1_spect.png,1
2022-06-08--15-51-41_1_spect.png,1
2022-06-08--17-21-53_1_spect.png,0
2022-06-08--18-20-59_1_spect.png,0
2022-06-08--19-20-04_1_spect.png,0
2022-06-08--20-19-13_1_spect.png,0
2022-06-08--21-18-22_1_spect.png,0
2022-06-08--22-17-32_1_spect.png,0
2022-06-08--23-16-44_1_spect.png,0
2022-06-09--00-15-56_1_spect.png,0
2022-06-09--01-15-08_1_spect.png,0
2022-06-09--02-14-24_1_spect.png,0
2022-06-09--03-13-35_1_spect.png,0
2022-06-09--04-12-49_1_spect.png,0
2022-06-09--05-12-03_1_spect.png,0
2022-06-09--06-11-16_1_spect.png,0
2022-06-09--07-10-32_1_spect.png,0
2022-06-09--08-09-59_1_spect.png,0
2022-06-09--09-09-25_1_spect.png,0
2022-06-09--10-08-51_1_spect.png,0
2022-06-09--11-08-21_1_spect.png,0
2022-06-09--12-07-53_1_spect.png,0
2022-06-09--13-07-21_1_spect.png,0
2022-06-09--14-06-06_1_spect.png,0
2022-06-09--15-05-10_1_spect.png,0
2022-06-09--16-04-23_1_spect.png,0
2022-06-09--17-03-35_1_spect.png,0
2022-06-09--18-49-09_1_spect.png,1
2022-06-09--19-48-22_1_spect.png,1
2022-06-09--20-47-28_1_spect.png,1
2022-06-09--21-46-36_1_spect.png,1
2022-06-09--22-45-43_1_spect.png,1
2022-06-09--23-44-54_1_spect.png,1
2022-06-10--00-44-04_1_spect.png,1
2022-06-10--01-43-17_1_spect.png,1
2022-06-10--02-42-31_1_spect.png,1
2022-06-10--03-41-45_1_spect.png,1
2022-06-10--04-40-57_1_spect.png,1
2022-06-10--05-40-10_1_spect.png,1
2022-06-10--06-39-26_1_spect.png,1
2022-06-10--07-39-02_1_spect.png,1
2022-06-10--08-38-24_1_spect.png,1
2022-06-10--09-37-53_1_spect.png,1
2022-06-10--10-37-28_1_spect.png,1
2022-06-10--11-36-55_1_spect.png,1
2022-06-10--12-36-08_1_spect.png,1
2022-06-10--13-35-20_1_spect.png,1
2022-06-10--14-34-28_1_spect.png,1
2022-06-10--15-33-29_1_spect.png,1
2022-06-10--16-32-45_1_spect.png,1
2022-06-10--18-44-38_1_spect.png,1
2022-06-10--19-43-44_1_spect.png,1
2022-06-10--20-42-49_1_spect.png,1
2022-06-10--21-41-55_1_spect.png,1
2022-06-10--22-41-03_1_spect.png,1
2022-06-10--23-40-10_1_spect.png,1
2022-06-11--00-39-19_1_spect.png,1
2022-06-11--01-38-28_1_spect.png,1
2022-06-11--02-37-38_1_spect.png,1
2022-06-11--03-36-48_1_spect.png,1
2022-06-11--04-35-57_1_spect.png,1
2022-06-11--05-35-09_1_spect.png,1
2022-06-11--06-34-24_1_spect.png,1
2022-06-11--07-34-54_1_spect.png,1
2022-06-11--08-33-52_1_spect.png,1
2022-06-11--09-34-30_1_spect.png,1
2022-06-11--10-34-05_1_spect.png,1
2022-06-11--11-33-26_1_spect.png,1
2022-06-11--12-32-11_1_spect.png,1
2022-06-11--13-31-16_1_spect.png,1
2022-06-11--14-30-02_1_spect.png,1
2022-06-11--15-29-11_1_spect.png,1
2022-06-13--18-08-05_1_spect.png,1
2022-06-13--19-07-11_1_spect.png,1
2022-06-13--20-06-14_1_spect.png,1
2022-06-13--21-05-17_1_spect.png,1
2022-06-13--22-04-26_1_spect.png,1
2022-06-13--23-03-36_1_spect.png,1
2022-06-14--00-02-46_1_spect.png,1
2022-06-14--01-01-54_1_spect.png,1
2022-06-14--02-01-04_1_spect.png,1
2022-06-14--03-00-15_1_spect.png,1
2022-06-14--03-59-27_1_spect.png,1
2022-06-14--04-58-40_1_spect.png,1
2022-06-14--05-57-50_1_spect.png,1
2022-06-14--06-57-25_1_spect.png,1
2022-06-14--07-57-11_1_spect.png,1
2022-06-14--08-56-49_1_spect.png,1
2022-06-14--09-56-21_1_spect.png,1
2022-06-14--10-55-49_1_spect.png,1
2022-06-14--11-55-10_1_spect.png,1
2022-06-14--12-53-59_1_spect.png,1
2022-06-14--13-52-40_1_spect.png,1
2022-06-14--14-51-53_1_spect.png,1
2022-06-14--15-50-57_1_spect.png,1
2022-06-14--16-50-02_1_spect.png,1
2022-06-14--17-49-06_1_spect.png,1
2022-06-05--17-41-01_2_spect.png,1
2022-06-05--18-40-08_2_spect.png,1
2022-06-05--19-39-14_2_spect.png,1
2022-06-05--20-38-25_2_spect.png,1
2022-06-05--21-37-36_2_spect.png,1
2022-06-05--22-36-48_2_spect.png,1
2022-06-05--23-36-04_2_spect.png,1
2022-06-06--00-35-12_2_spect.png,1
2022-06-06--01-34-26_2_spect.png,1
2022-06-06--02-33-38_2_spect.png,1
2022-06-06--03-32-49_2_spect.png,1
2022-06-06--04-32-02_2_spect.png,1
2022-06-06--05-31-11_2_spect.png,1
2022-06-06--06-30-21_2_spect.png,1
2022-06-06--07-29-46_2_spect.png,1
2022-06-06--08-29-16_2_spect.png,1
2022-06-06--09-28-32_2_spect.png,1
2022-06-06--10-27-52_2_spect.png,1
2022-06-06--11-27-09_2_spect.png,1
2022-06-06--12-26-27_2_spect.png,1
2022-06-06--13-25-30_2_spect.png,1
2022-06-06--14-24-42_2_spect.png,1
2022-06-06--15-23-51_2_spect.png,1
2022-06-06--16-22-57_2_spect.png,1
2022-06-06--17-22-09_2_spect.png,1
2022-06-06--18-21-16_2_spect.png,1
2022-06-06--19-20-21_2_spect.png,1
2022-06-06--20-19-29_2_spect.png,1
2022-06-06--21-18-35_2_spect.png,1
2022-06-06--22-17-46_2_spect.png,1
2022-06-06--23-16-56_2_spect.png,1
2022-06-07--00-16-09_2_spect.png,1
2022-06-07--01-15-21_2_spect.png,1
2022-06-07--02-14-33_2_spect.png,1
2022-06-07--03-13-45_2_spect.png,1
2022-06-07--04-12-58_2_spect.png,1
2022-06-07--05-12-08_2_spect.png,1
2022-06-07--06-11-25_2_spect.png,1
2022-06-07--07-10-46_2_spect.png,1
2022-06-07--08-10-22_2_spect.png,1
2022-06-07--09-09-47_2_spect.png,1
2022-06-07--10-09-14_2_spect.png,1
2022-06-07--11-08-36_2_spect.png,1
2022-06-07--12-07-57_2_spect.png,1
2022-06-07--13-07-01_2_spect.png,1
2022-06-07--14-06-09_2_spect.png,1
2022-06-07--15-05-17_2_spect.png,1
2022-06-07--16-04-24_2_spect.png,1
2022-06-07--17-03-33_2_spect.png,1
2022-06-07--18-02-41_2_spect.png,1
2022-06-07--19-01-46_2_spect.png,1
2022-06-07--20-00-55_2_spect.png,1
2022-06-07--21-00-02_2_spect.png,1
2022-06-07--21-59-10_2_spect.png,1
2022-06-07--22-58-20_2_spect.png,1
2022-06-07--23-57-34_2_spect.png,1
2022-06-08--00-56-47_2_spect.png,1
2022-06-08--01-55-59_2_spect.png,1
2022-06-08--02-55-11_2_spect.png,1
2022-06-08--03-54-28_2_spect.png,1
2022-06-08--04-53-41_2_spect.png,1
2022-06-08--05-52-54_2_spect.png,1
2022-06-08--06-52-11_2_spect.png,1
2022-06-08--07-51-48_2_spect.png,1
2022-06-08--08-51-21_2_spect.png,1
2022-06-08--09-50-41_2_spect.png,1
2022-06-08--14-52-43_2_spect.png,0
2022-06-08--15-51-41_2_spect.png,0
2022-06-08--17-22-00_2_spect.png,0
2022-06-08--18-21-07_2_spect.png,0
2022-06-08--19-20-13_2_spect.png,0
2022-06-08--20-19-23_2_spect.png,0
2022-06-08--21-18-28_2_spect.png,0
2022-06-08--22-17-37_2_spect.png,0
2022-06-08--23-16-48_2_spect.png,0
2022-06-09--00-15-57_2_spect.png,0
2022-06-09--01-15-07_2_spect.png,0
2022-06-09--02-14-21_2_spect.png,0
2022-06-09--03-13-33_2_spect.png,0
2022-06-09--04-12-46_2_spect.png,0
2022-06-09--05-11-59_2_spect.png,0
2022-06-09--06-11-10_2_spect.png,0
2022-06-09--07-10-29_2_spect.png,0
2022-06-09--08-09-48_2_spect.png,0
2022-06-09--09-09-12_2_spect.png,0
2022-06-09--10-08-31_2_spect.png,0
2022-06-09--11-07-46_2_spect.png,0
2022-06-09--12-07-14_2_spect.png,0
2022-06-09--13-06-37_2_spect.png,0
2022-06-09--14-05-39_2_spect.png,0
2022-06-09--15-04-51_2_spect.png,0
2022-06-09--16-04-05_2_spect.png,0
2022-06-09--17-03-21_2_spect.png,0
2022-06-09--18-49-20_2_spect.png,1
2022-06-09--19-48-31_2_spect.png,1
2022-06-09--20-47-36_2_spect.png,1
2022-06-09--21-46-45_2_spect.png,1
2022-06-09--22-45-55_2_spect.png,1
2022-06-09--23-45-06_2_spect.png,1
2022-06-10--00-44-16_2_spect.png,1
2022-06-10--01-43-29_2_spect.png,1
2022-06-10--02-42-41_2_spect.png,1
2022-06-10--03-41-56_2_spect.png,1
2022-06-10--04-41-06_2_spect.png,1
2022-06-10--05-40-19_2_spect.png,1
2022-06-10--06-39-32_2_spect.png,1
2022-06-10--07-39-02_2_spect.png,1
2022-06-10--08-38-22_2_spect.png,1
2022-06-10--09-37-48_2_spect.png,1
2022-06-10--10-37-17_2_spect.png,1
2022-06-10--11-36-39_2_spect.png,1
2022-06-10--12-36-00_2_spect.png,1
2022-06-10--13-35-11_2_spect.png,1
2022-06-10--14-34-20_2_spect.png,1
2022-06-10--15-33-29_2_spect.png,1
2022-06-10--16-32-41_2_spect.png,1
2022-06-10--17-45-44_2_spect.png,1
2022-06-10--18-44-45_2_spect.png,1
2022-06-10--19-43-51_2_spect.png,1
2022-06-10--20-42-55_2_spect.png,1
2022-06-10--21-42-01_2_spect.png,1
2022-06-10--22-41-10_2_spect.png,1
2022-06-10--23-40-18_2_spect.png,1
2022-06-11--00-39-26_2_spect.png,1
2022-06-11--01-38-34_2_spect.png,1
2022-06-11--02-37-45_2_spect.png,1
2022-06-11--03-36-54_2_spect.png,1
2022-06-11--04-36-04_2_spect.png,1
2022-06-11--05-35-14_2_spect.png,1
2022-06-11--06-34-28_2_spect.png,1
2022-06-11--07-34-47_2_spect.png,1
2022-06-11--08-33-45_2_spect.png,1
2022-06-11--09-34-20_2_spect.png,1
2022-06-11--10-33-55_2_spect.png,1
2022-06-11--11-33-12_2_spect.png,1
2022-06-11--12-32-18_2_spect.png,1
2022-06-11--13-30-47_2_spect.png,1
2022-06-11--14-29-57_2_spect.png,1
2022-06-11--15-28-56_2_spect.png,1
2022-06-11--16-44-58_2_spect.png,1
2022-06-11--17-44-04_2_spect.png,1
2022-06-11--18-43-10_2_spect.png,1
2022-06-11--19-42-07_2_spect.png,1
2022-06-11--20-41-11_2_spect.png,1
2022-06-11--21-40-17_2_spect.png,1
2022-06-11--22-39-24_2_spect.png,1
2022-06-11--23-38-36_2_spect.png,1
2022-06-12--00-37-49_2_spect.png,1
2022-06-12--01-37-00_2_spect.png,1
2022-06-12--02-36-11_2_spect.png,1
2022-06-12--03-35-25_2_spect.png,1
2022-06-12--04-34-37_2_spect.png,1
2022-06-12--05-33-50_2_spect.png,1
2022-06-12--06-33-03_2_spect.png,1
2022-06-12--07-32-30_2_spect.png,1
2022-06-12--08-31-53_2_spect.png,1
2022-06-12--09-31-04_2_spect.png,1
2022-06-12--10-30-28_2_spect.png,1
2022-06-12--11-29-44_2_spect.png,1
2022-06-12--12-28-53_2_spect.png,1
2022-06-12--13-28-02_2_spect.png,1
2022-06-12--14-27-11_2_spect.png,1
2022-06-12--15-26-04_2_spect.png,1
2022-06-12--16-25-11_2_spect.png,1
2022-06-12--17-03-34_2_spect.png,1
2022-06-12--18-02-29_2_spect.png,1
2022-06-12--19-01-33_2_spect.png,1
2022-06-12--20-00-44_2_spect.png,1
2022-06-12--20-59-54_2_spect.png,1
2022-06-12--21-59-01_2_spect.png,1
2022-06-12--22-58-10_2_spect.png,1
2022-06-12--23-57-28_2_spect.png,1
2022-06-13--00-56-42_2_spect.png,1
2022-06-13--01-55-53_2_spect.png,1
2022-06-13--02-55-04_2_spect.png,1
2022-06-13--03-54-15_2_spect.png,1
2022-06-13--04-53-24_2_spect.png,1
2022-06-13--05-52-38_2_spect.png,1
2022-06-13--06-51-50_2_spect.png,1
2022-06-13--07-51-24_2_spect.png,1
2022-06-13--08-50-45_2_spect.png,1
2022-06-13--09-50-10_2_spect.png,1
2022-06-13--10-49-36_2_spect.png,1
2022-06-13--11-48-58_2_spect.png,1
2022-06-13--12-48-18_2_spect.png,1
2022-06-13--13-47-23_2_spect.png,1
2022-06-13--14-46-29_2_spect.png,1
2022-06-13--15-45-41_2_spect.png,1
2022-06-13--16-45-02_2_spect.png,1
2022-06-24--10-03-35_1_spect.png,1
2022-06-24--11-03-30_1_spect.png,1
2022-06-24--12-02-42_1_spect.png,1
2022-06-24--13-01-08_1_spect.png,1
2022-06-24--14-00-07_1_spect.png,1
2022-06-24--14-59-04_1_spect.png,1
2022-06-24--15-58-15_1_spect.png,1
2022-06-24--16-57-25_1_spect.png,1
2022-06-24--17-56-26_1_spect.png,1
2022-06-24--18-55-31_1_spect.png,1
2022-06-24--19-54-30_1_spect.png,1
2022-06-24--20-53-33_1_spect.png,1
2022-06-24--21-52-38_1_spect.png,1
2022-06-24--22-51-46_1_spect.png,1
2022-06-24--23-51-14_1_spect.png,1
2022-06-25--00-50-11_1_spect.png,1
2022-06-25--01-49-19_1_spect.png,1
2022-06-25--02-48-30_1_spect.png,1
2022-06-25--03-47-42_1_spect.png,1
2022-06-25--04-46-52_1_spect.png,1
2022-06-25--05-46-02_1_spect.png,1
2022-06-25--06-45-24_1_spect.png,1
2022-06-25--07-45-25_1_spect.png,1
2022-06-25--08-44-36_1_spect.png,1
2022-06-25--09-44-22_1_spect.png,1
2022-06-25--10-43-44_1_spect.png,1
2022-06-25--11-42-54_1_spect.png,1
2022-06-25--12-41-45_1_spect.png,1
2022-06-25--13-40-07_1_spect.png,1
2022-06-25--15-04-12_1_spect.png,0
2022-06-25--16-03-24_1_spect.png,0
2022-06-25--17-02-27_1_spect.png,0
2022-06-25--18-01-33_1_spect.png,0
2022-06-25--19-00-41_1_spect.png,0
2022-06-25--19-59-50_1_spect.png,0
2022-06-25--20-58-57_1_spect.png,0
2022-06-25--21-58-09_1_spect.png,0
2022-06-25--22-57-22_1_spect.png,0
2022-06-25--23-56-32_1_spect.png,0
2022-06-26--00-55-43_1_spect.png,0
2022-06-26--01-54-51_1_spect.png,0
2022-06-26--02-54-05_1_spect.png,0
2022-06-26--03-53-17_1_spect.png,0
2022-06-26--04-52-33_1_spect.png,0
2022-06-26--05-51-52_1_spect.png,0
2022-06-26--06-51-08_1_spect.png,0
2022-06-26--07-50-24_1_spect.png,0
2022-06-26--08-49-49_1_spect.png,0
2022-06-26--09-49-26_1_spect.png,0
2022-06-26--10-48-55_1_spect.png,0
2022-06-26--11-48-16_1_spect.png,0
2022-06-26--12-47-25_1_spect.png,0
2022-06-26--13-46-18_1_spect.png,0
2022-06-26--14-45-27_1_spect.png,0
2022-06-26--15-44-40_1_spect.png,0
2022-06-26--16-43-48_1_spect.png,0
2022-06-26--17-42-56_1_spect.png,0
2022-06-26--18-42-02_1_spect.png,0
2022-06-26--19-41-10_1_spect.png,0
2022-06-26--20-40-16_1_spect.png,0
2022-06-26--21-39-27_1_spect.png,0
2022-06-26--22-38-40_1_spect.png,0
2022-06-26--23-37-51_1_spect.png,0
2022-06-27--00-37-09_1_spect.png,0
2022-06-27--01-36-20_1_spect.png,0
2022-06-27--02-35-34_1_spect.png,0
2022-06-27--03-34-51_1_spect.png,0
2022-06-27--04-34-04_1_spect.png,0
2022-06-27--05-33-18_1_spect.png,0
2022-06-27--06-32-32_1_spect.png,0
2022-06-27--07-31-49_1_spect.png,0
2022-06-27--08-31-09_1_spect.png,0
2022-06-27--09-22-08_1_spect.png,0
2022-06-27--10-21-13_1_spect.png,0
2022-06-27--11-20-47_1_spect.png,0
2022-06-27--12-20-07_1_spect.png,0
2022-06-27--13-19-05_1_spect.png,0
2022-06-27--14-18-17_1_spect.png,0
2022-06-27--15-17-24_1_spect.png,0
2022-06-27--16-16-33_1_spect.png,0
2022-06-27--17-15-43_1_spect.png,0
2022-06-27--18-14-49_1_spect.png,0
2022-06-27--19-25-25_1_spect.png,1
2022-06-27--20-24-32_1_spect.png,1
2022-06-27--21-23-38_1_spect.png,1
2022-06-27--22-22-47_1_spect.png,1
2022-06-27--23-21-55_1_spect.png,1
2022-06-28--00-21-03_1_spect.png,1
2022-06-28--01-20-12_1_spect.png,1
2022-06-28--02-19-24_1_spect.png,1
2022-06-28--03-18-36_1_spect.png,1
2022-06-28--04-17-44_1_spect.png,1
2022-06-28--05-16-54_1_spect.png,1
2022-06-28--06-16-08_1_spect.png,1
2022-06-28--07-15-55_1_spect.png,1
2022-06-28--08-15-02_1_spect.png,1
2022-06-28--09-14-48_1_spect.png,1
2022-06-28--10-14-18_1_spect.png,1
2022-06-28--11-13-44_1_spect.png,1
2022-06-28--12-12-59_1_spect.png,1
2022-06-28--13-11-58_1_spect.png,1
2022-06-28--14-11-05_1_spect.png,1
2022-06-28--15-10-15_1_spect.png,1
2022-06-28--16-09-24_1_spect.png,1
2022-06-28--17-08-34_1_spect.png,1
2022-06-28--18-29-45_1_spect.png,1
2022-06-28--19-28-49_1_spect.png,1
2022-06-28--20-27-58_1_spect.png,1
2022-06-28--21-27-05_1_spect.png,1
2022-06-28--22-26-13_1_spect.png,1
2022-06-28--23-25-19_1_spect.png,1
2022-06-29--00-24-28_1_spect.png,1
2022-06-29--01-23-38_1_spect.png,1
2022-06-29--02-22-49_1_spect.png,1
2022-06-29--03-22-00_1_spect.png,1
2022-06-29--04-21-13_1_spect.png,1
2022-06-29--05-20-21_1_spect.png,1
2022-06-29--06-19-33_1_spect.png,1
2022-06-29--07-19-08_1_spect.png,1
2022-06-29--08-18-36_1_spect.png,1
2022-06-29--09-18-42_1_spect.png,1
2022-06-29--10-18-07_1_spect.png,1
2022-06-29--11-17-33_1_spect.png,1
2022-06-29--12-16-53_1_spect.png,1
2022-06-29--13-15-03_1_spect.png,1
2022-06-29--14-14-09_1_spect.png,1
2022-06-29--15-12-49_1_spect.png,1
2022-06-29--16-11-49_1_spect.png,1
2022-06-30--18-24-20_1_spect.png,1
2022-06-30--19-23-19_1_spect.png,1
2022-06-30--20-22-25_1_spect.png,1
2022-06-30--21-21-31_1_spect.png,1
2022-06-30--22-20-40_1_spect.png,1
2022-06-30--23-19-59_1_spect.png,1
2022-07-01--00-19-07_1_spect.png,1
2022-07-01--01-18-17_1_spect.png,1
2022-07-01--02-17-27_1_spect.png,1
2022-07-01--03-16-39_1_spect.png,1
2022-07-01--04-15-51_1_spect.png,1
2022-07-01--05-15-04_1_spect.png,1
2022-07-01--06-14-14_1_spect.png,1
2022-07-01--07-13-33_1_spect.png,1
2022-07-01--08-13-37_1_spect.png,1
2022-07-01--09-13-50_1_spect.png,1
2022-07-01--10-13-33_1_spect.png,1
2022-07-01--11-12-58_1_spect.png,1
2022-07-01--12-42-18_1_spect.png,1
2022-07-01--13-40-23_1_spect.png,1
2022-07-01--14-39-10_1_spect.png,1
2022-07-01--15-38-20_1_spect.png,1
2022-07-01--16-37-23_1_spect.png,1
2022-07-01--17-36-29_1_spect.png,1
2022-07-01--19-08-38_1_spect.png,1
2022-07-01--20-07-21_1_spect.png,1
2022-07-01--21-06-42_1_spect.png,1
2022-07-01--22-05-58_1_spect.png,1
2022-07-01--23-05-05_1_spect.png,1
2022-07-02--00-04-23_1_spect.png,1
2022-07-02--01-03-31_1_spect.png,1
2022-07-02--02-02-40_1_spect.png,1
2022-07-02--03-01-54_1_spect.png,1
2022-07-02--04-01-13_1_spect.png,1
2022-07-02--05-00-25_1_spect.png,1
2022-07-02--05-59-41_1_spect.png,1
2022-07-02--06-58-52_1_spect.png,1
2022-07-02--07-58-20_1_spect.png,1
2022-07-02--08-57-35_1_spect.png,1
2022-07-02--09-56-39_1_spect.png,1
2022-07-02--10-56-10_1_spect.png,1
2022-07-02--11-55-37_1_spect.png,1
2022-07-02--12-54-38_1_spect.png,1
2022-07-02--13-53-34_1_spect.png,1
2022-07-02--14-52-46_1_spect.png,1
2022-07-02--17-25-11_1_spect.png,1
2022-07-02--18-23-54_1_spect.png,1
2022-07-02--19-23-00_1_spect.png,1
2022-07-02--20-22-06_1_spect.png,1
2022-07-02--21-21-14_1_spect.png,1
2022-07-02--22-20-24_1_spect.png,1
2022-07-02--23-19-39_1_spect.png,1
2022-07-03--00-18-51_1_spect.png,1
2022-07-03--01-18-05_1_spect.png,1
2022-07-03--02-17-15_1_spect.png,1
2022-07-03--03-16-26_1_spect.png,1
2022-07-03--04-15-39_1_spect.png,1
2022-07-03--05-14-48_1_spect.png,1
2022-07-03--06-13-59_1_spect.png,1
2022-07-03--07-13-12_1_spect.png,1
2022-07-03--08-12-28_1_spect.png,1
2022-07-03--09-11-41_1_spect.png,1
2022-07-03--10-10-57_1_spect.png,1
2022-07-03--11-10-11_1_spect.png,1
2022-07-03--12-09-31_1_spect.png,1
2022-07-03--13-08-56_1_spect.png,1
2022-07-03--14-08-02_1_spect.png,1
2022-07-03--15-07-28_1_spect.png,1
2022-07-03--16-06-38_1_spect.png,1
2022-07-03--17-05-48_1_spect.png,1
2022-07-03--18-04-54_1_spect.png,1
2022-07-03--19-03-58_1_spect.png,1
2022-07-03--20-03-02_1_spect.png,1
2022-07-03--21-02-06_1_spect.png,1
2022-07-03--22-01-15_1_spect.png,1
2022-07-03--23-00-27_1_spect.png,1
2022-07-03--23-59-39_1_spect.png,1
2022-07-04--00-58-48_1_spect.png,1
2022-07-04--01-58-01_1_spect.png,1
2022-07-04--02-57-15_1_spect.png,1
2022-07-04--03-56-30_1_spect.png,1
2022-07-04--04-55-41_1_spect.png,1
2022-07-04--05-54-54_1_spect.png,1
2022-07-04--06-54-06_1_spect.png,1
2022-07-04--07-53-35_1_spect.png,1
2022-07-04--08-52-56_1_spect.png,1
2022-07-04--09-52-21_1_spect.png,1
2022-07-04--10-51-34_1_spect.png,1
2022-07-04--11-50-51_1_spect.png,1
2022-07-04--12-50-12_1_spect.png,1
2022-07-04--13-49-25_1_spect.png,1
2022-07-04--14-48-38_1_spect.png,1
2022-07-04--15-47-45_1_spect.png,1
2022-07-04--16-46-50_1_spect.png,1
2022-07-04--17-46-00_1_spect.png,1
2022-07-04--18-48-31_1_spect.png,1
2022-07-04--19-47-40_1_spect.png,1
2022-07-04--20-46-42_1_spect.png,1
2022-07-04--21-45-51_1_spect.png,1
2022-07-04--22-45-04_1_spect.png,1
2022-07-04--23-44-33_1_spect.png,1
2022-07-05--00-43-17_1_spect.png,1
2022-07-05--01-42-28_1_spect.png,1
2022-07-05--02-41-32_1_spect.png,1
2022-07-05--03-40-42_1_spect.png,1
2022-07-05--04-39-52_1_spect.png,1
2022-07-05--05-39-02_1_spect.png,1
2022-07-05--06-38-16_1_spect.png,1
2022-07-05--07-37-32_1_spect.png,1
2022-07-05--08-37-01_1_spect.png,1
2022-07-05--09-36-17_1_spect.png,1
2022-07-05--10-35-36_1_spect.png,1
2022-07-05--11-34-47_1_spect.png,1
2022-07-05--12-33-57_1_spect.png,1
2022-07-05--13-32-52_1_spect.png,1
2022-07-05--14-32-08_1_spect.png,1
2022-07-05--15-31-18_1_spect.png,1
2022-07-05--16-30-31_1_spect.png,1
2022-07-05--17-29-38_1_spect.png,1
2022-07-05--18-28-41_1_spect.png,1
2022-07-05--19-27-46_1_spect.png,1
2022-07-05--20-26-51_1_spect.png,1
2022-07-05--21-26-04_1_spect.png,1
2022-07-05--22-25-26_1_spect.png,1
2022-07-05--23-24-37_1_spect.png,1
2022-07-06--00-23-52_1_spect.png,1
2022-07-06--01-23-04_1_spect.png,1
2022-07-06--02-22-17_1_spect.png,1
2022-07-06--03-21-47_1_spect.png,1
2022-07-06--04-20-59_1_spect.png,1
2022-07-06--05-20-11_1_spect.png,1
2022-07-06--06-19-25_1_spect.png,1
2022-07-06--07-18-41_1_spect.png,1
2022-07-06--08-17-56_1_spect.png,1
2022-07-06--09-17-18_1_spect.png,1
2022-07-06--10-16-43_1_spect.png,1
2022-07-06--11-15-57_1_spect.png,1
2022-07-06--12-15-20_1_spect.png,1
2022-07-06--13-14-32_1_spect.png,1
2022-07-06--14-13-48_1_spect.png,1
2022-07-06--15-12-57_1_spect.png,1
2022-07-06--16-12-54_1_spect.png,1
2022-07-06--17-11-37_1_spect.png,1
2022-07-06--18-10-58_1_spect.png,1
2022-07-06--19-11-16_1_spect.png,1
2022-07-06--20-10-24_1_spect.png,1
2022-07-06--21-09-31_1_spect.png,1
2022-07-06--22-10-00_1_spect.png,1
2022-07-06--23-08-57_1_spect.png,1
2022-07-07--00-09-04_1_spect.png,1
2022-07-07--01-08-35_1_spect.png,1
2022-07-07--02-08-26_1_spect.png,1
2022-07-07--03-06-52_1_spect.png,1
2022-07-07--04-06-10_1_spect.png,1
2022-07-07--05-08-42_1_spect.png,1
2022-07-07--06-07-22_1_spect.png,1
2022-07-07--07-06-51_1_spect.png,1
2022-07-07--08-05-44_1_spect.png,1
2022-07-07--09-05-06_1_spect.png,1
2022-07-07--10-04-31_1_spect.png,1
2022-07-07--11-03-43_1_spect.png,1
2022-07-07--12-03-12_1_spect.png,1
2022-07-07--13-01-42_1_spect.png,1
2022-07-07--14-00-54_1_spect.png,1
2022-07-07--15-00-22_1_spect.png,1
2022-07-07--15-59-01_1_spect.png,1
2022-07-07--16-58-09_1_spect.png,1
2022-07-07--17-57-13_1_spect.png,1
2022-07-07--18-56-17_1_spect.png,1
2022-07-07--19-55-27_1_spect.png,1
2022-07-07--20-54-40_1_spect.png,1
2022-07-07--21-53-50_1_spect.png,1
2022-07-07--22-53-00_1_spect.png,1
2022-07-07--23-52-43_1_spect.png,1
2022-07-07--23-55-59_1_spect.png,1
2022-07-08--00-56-41_1_spect.png,1
2022-07-08--01-55-53_1_spect.png,1
2022-07-08--02-55-07_1_spect.png,1
2022-07-08--03-54-17_1_spect.png,1
2022-07-08--04-53-25_1_spect.png,1
2022-07-08--05-52-36_1_spect.png,1
2022-07-08--06-51-57_1_spect.png,1
2022-07-08--07-51-47_1_spect.png,1
2022-07-08--08-50-34_1_spect.png,1
2022-07-08--09-50-20_1_spect.png,1
2022-07-08--10-49-34_1_spect.png,1
2022-07-08--11-48-51_1_spect.png,1
2022-07-08--12-48-01_1_spect.png,1
2022-07-08--13-47-14_1_spect.png,1
2022-07-08--14-46-25_1_spect.png,1
2022-07-08--15-45-34_1_spect.png,1
2022-07-08--16-44-43_1_spect.png,1
2022-07-08--17-43-51_1_spect.png,1
2022-07-08--18-42-55_1_spect.png,1
2022-07-08--19-41-57_1_spect.png,1
2022-07-08--20-41-04_1_spect.png,1
2022-07-08--21-40-10_1_spect.png,1
2022-07-08--23-41-33_1_spect.png,1
2022-07-09--00-40-46_1_spect.png,1
2022-07-09--01-40-05_1_spect.png,1
2022-07-09--02-39-17_1_spect.png,1
2022-07-09--03-38-28_1_spect.png,1
2022-07-09--04-37-37_1_spect.png,1
2022-07-09--05-37-03_1_spect.png,1
2022-07-09--06-35-42_1_spect.png,1
2022-07-09--07-35-11_1_spect.png,1
2022-07-09--08-34-36_1_spect.png,1
2022-07-09--09-34-03_1_spect.png,1
2022-07-09--10-33-31_1_spect.png,1
2022-07-09--11-32-41_1_spect.png,1
2022-07-09--13-35-26_1_spect.png,1
2022-07-09--14-35-13_1_spect.png,1
2022-07-09--15-34-08_1_spect.png,1
2022-07-09--18-42-04_1_spect.png,1
2022-07-09--19-41-41_1_spect.png,1
2022-07-09--20-40-26_1_spect.png,1
2022-07-09--21-40-06_1_spect.png,1
2022-07-09--22-39-40_1_spect.png,1
2022-07-10--00-42-54_1_spect.png,1
2022-07-10--01-43-36_1_spect.png,1
2022-07-10--02-42-56_1_spect.png,1
2022-07-10--03-42-26_1_spect.png,1
2022-07-10--04-41-21_1_spect.png,1
2022-07-10--05-40-55_1_spect.png,1
2022-07-10--06-39-34_1_spect.png,1
2022-07-10--07-40-40_1_spect.png,1
2022-07-10--08-42-00_1_spect.png,1
2022-07-10--09-40-34_1_spect.png,1
2022-07-10--10-39-50_1_spect.png,1
2022-07-10--11-39-23_1_spect.png,1
2022-07-10--12-38-24_1_spect.png,1
2022-07-10--13-37-42_1_spect.png,1
2022-07-10--14-36-54_1_spect.png,1
2022-07-10--15-36-07_1_spect.png,1
2022-07-10--18-37-40_1_spect.png,1
2022-07-10--19-52-11_1_spect.png,1
2022-07-10--21-37-12_1_spect.png,1
2022-07-11--06-14-15_1_spect.png,1
2022-07-11--08-19-41_1_spect.png,1
2022-07-11--10-20-30_1_spect.png,1
2022-07-11--11-19-17_1_spect.png,1
2022-07-11--12-22-00_1_spect.png,1
2022-07-11--19-25-17_1_spect.png,1
2022-07-12--06-05-44_1_spect.png,1
2022-07-12--07-04-56_1_spect.png,1
2022-07-12--08-04-17_1_spect.png,1
2022-07-12--09-03-41_1_spect.png,1
2022-07-12--10-03-19_1_spect.png,1
2022-07-12--11-02-27_1_spect.png,1
2022-07-12--12-01-45_1_spect.png,1
2022-07-12--13-01-21_1_spect.png,1
2022-07-12--14-00-17_1_spect.png,1
2022-07-12--15-01-47_1_spect.png,1
2022-07-12--16-00-54_1_spect.png,1
2022-07-12--17-00-05_1_spect.png,1
2022-07-12--17-59-09_1_spect.png,1
2022-07-12--18-58-16_1_spect.png,1
2022-07-12--19-57-19_1_spect.png,1
2022-07-12--20-56-25_1_spect.png,1
2022-07-12--21-55-32_1_spect.png,1
2022-07-12--22-54-41_1_spect.png,1
2022-07-12--23-53-54_1_spect.png,1
2022-07-13--00-53-05_1_spect.png,1
2022-07-13--01-52-15_1_spect.png,1
2022-07-13--02-51-31_1_spect.png,1
2022-07-13--03-50-40_1_spect.png,1
2022-07-13--04-49-50_1_spect.png,1
2022-07-13--05-49-03_1_spect.png,1
2022-07-13--07-47-40_1_spect.png,1
2022-07-13--08-47-04_1_spect.png,1
2022-07-13--14-44-36_1_spect.png,1
2022-07-13--17-42-02_1_spect.png,1
2022-07-13--21-38-28_1_spect.png,1
2022-07-13--22-37-39_1_spect.png,1
2022-07-14--10-28-38_1_spect.png,1
2022-07-14--11-27-51_1_spect.png,1
2022-07-14--12-27-07_1_spect.png,1
2022-07-14--13-26-20_1_spect.png,1
2022-07-14--14-25-33_1_spect.png,1
2022-07-14--15-24-55_1_spect.png,1
2022-07-14--16-23-36_1_spect.png,1
2022-07-14--17-22-39_1_spect.png,1
2022-07-14--18-21-47_1_spect.png,1
2022-07-14--19-20-53_1_spect.png,1
2022-07-14--20-19-58_1_spect.png,1
2022-07-14--21-19-04_1_spect.png,1
2022-07-14--23-22-40_1_spect.png,1
2022-07-15--00-21-50_1_spect.png,1
2022-07-15--01-20-58_1_spect.png,1
2022-07-15--02-20-13_1_spect.png,1
2022-07-15--03-19-22_1_spect.png,1
2022-07-15--04-18-34_1_spect.png,1
2022-07-15--05-17-44_1_spect.png,1
2022-07-15--06-16-56_1_spect.png,1
2022-07-15--07-16-18_1_spect.png,1
2022-07-15--08-15-50_1_spect.png,1
2022-07-15--09-15-12_1_spect.png,1
2022-07-15--10-14-53_1_spect.png,1
2022-07-15--11-14-12_1_spect.png,1
2022-07-15--12-13-31_1_spect.png,1
2022-07-15--13-12-45_1_spect.png,1
2022-07-15--14-12-51_1_spect.png,1
2022-07-15--15-12-01_1_spect.png,1
2022-06-14--20-15-04_2_spect.png,1
2022-06-14--21-15-24_2_spect.png,1
2022-06-15--01-26-10_2_spect.png,1
2022-06-15--02-25-24_2_spect.png,1
2022-06-15--05-32-54_2_spect.png,1
2022-06-15--06-32-29_2_spect.png,1
2022-06-15--07-32-56_2_spect.png,1
2022-06-15--08-32-07_2_spect.png,1
2022-06-15--09-32-36_2_spect.png,1
2022-06-15--10-31-40_2_spect.png,1
2022-06-15--11-30-55_2_spect.png,1
2022-06-15--12-30-15_2_spect.png,1
2022-06-15--13-28-45_2_spect.png,1
2022-06-15--14-27-39_2_spect.png,1
2022-06-15--15-26-47_2_spect.png,1
2022-06-15--16-25-56_2_spect.png,1
2022-06-15--17-24-59_2_spect.png,1
2022-06-15--18-24-11_2_spect.png,1
2022-06-15--19-23-14_2_spect.png,1
2022-06-15--20-22-19_2_spect.png,1
2022-06-15--21-21-25_2_spect.png,1
2022-06-15--22-20-36_2_spect.png,1
2022-06-15--23-19-48_2_spect.png,1
2022-06-16--00-18-58_2_spect.png,1
2022-06-16--01-18-24_2_spect.png,1
2022-06-16--02-17-07_2_spect.png,1
2022-06-16--03-16-35_2_spect.png,1
2022-06-16--04-15-43_2_spect.png,1
2022-06-16--05-15-11_2_spect.png,1
2022-06-16--06-14-12_2_spect.png,1
2022-06-16--07-13-31_2_spect.png,1
2022-06-16--08-12-31_2_spect.png,1
2022-06-16--09-12-24_2_spect.png,1
2022-06-16--10-12-01_2_spect.png,1
2022-06-16--11-11-23_2_spect.png,1
2022-06-16--12-10-39_2_spect.png,1
2022-06-16--13-09-27_2_spect.png,1
2022-06-16--14-07-27_2_spect.png,1
2022-06-16--15-06-34_2_spect.png,1
2022-06-16--16-05-45_2_spect.png,1
2022-06-16--17-04-50_2_spect.png,1
2022-06-16--18-04-02_2_spect.png,1
2022-06-16--19-02-57_2_spect.png,1
2022-06-16--20-01-57_2_spect.png,1
2022-06-16--21-01-03_2_spect.png,1
2022-06-16--22-00-08_2_spect.png,1
2022-06-16--22-59-34_2_spect.png,1
2022-06-16--23-58-21_2_spect.png,1
2022-06-24--10-03-17_2_spect.png,1
2022-06-24--11-02-54_2_spect.png,1
2022-06-24--12-02-08_2_spect.png,1
2022-06-24--13-01-17_2_spect.png,1
2022-06-24--14-00-20_2_spect.png,1
2022-06-24--14-59-22_2_spect.png,1
2022-06-24--15-58-28_2_spect.png,1
2022-06-24--16-57-37_2_spect.png,1
2022-06-24--17-56-42_2_spect.png,1
2022-06-24--18-55-41_2_spect.png,1
2022-06-24--19-54-43_2_spect.png,1
2022-06-24--20-53-47_2_spect.png,1
2022-06-24--21-52-53_2_spect.png,1
2022-06-24--22-52-03_2_spect.png,1
2022-06-24--23-51-12_2_spect.png,1
2022-06-25--00-50-22_2_spect.png,1
2022-06-25--01-49-33_2_spect.png,1
2022-06-25--02-48-45_2_spect.png,1
2022-06-25--03-47-58_2_spect.png,1
2022-06-25--04-47-09_2_spect.png,1
2022-06-25--05-46-18_2_spect.png,1
2022-06-25--06-45-34_2_spect.png,1
2022-06-25--07-45-01_2_spect.png,1
2022-06-25--08-44-24_2_spect.png,1
2022-06-25--09-43-58_2_spect.png,1
2022-06-25--10-43-26_2_spect.png,1
2022-06-25--11-42-48_2_spect.png,1
2022-06-25--12-41-58_2_spect.png,1
2022-06-25--13-40-59_2_spect.png,1
2022-06-25--15-04-33_2_spect.png,0
2022-06-25--16-03-37_2_spect.png,0
2022-06-25--17-02-48_2_spect.png,0
2022-06-25--18-01-55_2_spect.png,0
2022-06-25--19-01-01_2_spect.png,0
2022-06-25--20-00-05_2_spect.png,0
2022-06-25--20-59-10_2_spect.png,0
2022-06-25--21-58-20_2_spect.png,0
2022-06-25--22-57-32_2_spect.png,0
2022-06-25--23-56-42_2_spect.png,0
2022-06-26--00-55-53_2_spect.png,0
2022-06-26--01-55-04_2_spect.png,0
2022-06-26--02-54-17_2_spect.png,0
2022-06-26--03-53-30_2_spect.png,0
2022-06-26--04-52-44_2_spect.png,0
2022-06-26--05-51-56_2_spect.png,0
2022-06-26--06-51-07_2_spect.png,0
2022-06-26--07-50-20_2_spect.png,0
2022-06-26--08-49-43_2_spect.png,0
2022-06-26--09-49-13_2_spect.png,0
2022-06-26--10-48-36_2_spect.png,0
2022-06-26--11-47-55_2_spect.png,0
2022-06-26--12-47-08_2_spect.png,0
2022-06-26--13-46-18_2_spect.png,0
2022-06-26--14-45-27_2_spect.png,0
2022-06-26--15-44-38_2_spect.png,0
2022-06-26--16-43-49_2_spect.png,0
2022-06-26--17-42-54_2_spect.png,0
2022-06-26--18-41-57_2_spect.png,0
2022-06-26--19-41-01_2_spect.png,0
2022-06-26--20-40-03_2_spect.png,0
2022-06-26--21-39-11_2_spect.png,0
2022-06-26--22-38-20_2_spect.png,0
2022-06-26--23-37-32_2_spect.png,0
2022-06-27--00-36-44_2_spect.png,0
2022-06-27--01-35-57_2_spect.png,0
2022-06-27--02-35-11_2_spect.png,0
2022-06-27--03-34-20_2_spect.png,0
2022-06-27--04-33-32_2_spect.png,0
2022-06-27--05-32-42_2_spect.png,0
2022-06-27--06-31-57_2_spect.png,0
2022-06-27--07-31-07_2_spect.png,0
2022-06-27--08-30-28_2_spect.png,0
2022-06-27--09-22-28_2_spect.png,0
2022-06-27--10-20-13_2_spect.png,0
2022-06-27--11-19-45_2_spect.png,0
2022-06-27--12-18-31_2_spect.png,0
2022-06-27--13-17-43_2_spect.png,0
2022-06-27--14-16-54_2_spect.png,0
2022-06-27--15-16-06_2_spect.png,0
2022-06-27--16-15-16_2_spect.png,0
2022-06-27--17-14-23_2_spect.png,0
2022-06-27--18-13-28_2_spect.png,0
2022-06-27--19-25-32_2_spect.png,1
2022-06-27--20-24-33_2_spect.png,1
2022-06-27--21-23-37_2_spect.png,1
2022-06-27--22-22-43_2_spect.png,1
2022-06-27--23-21-51_2_spect.png,1
2022-06-28--00-20-58_2_spect.png,1
2022-06-28--01-20-09_2_spect.png,1
2022-06-28--02-19-17_2_spect.png,1
2022-06-28--03-18-26_2_spect.png,1
2022-06-28--04-17-36_2_spect.png,1
2022-06-28--05-16-46_2_spect.png,1
2022-06-28--06-16-00_2_spect.png,1
2022-06-28--07-15-45_2_spect.png,1
2022-06-28--08-14-40_2_spect.png,1
2022-06-28--09-14-48_2_spect.png,1
2022-06-28--10-14-20_2_spect.png,1
2022-06-28--11-13-54_2_spect.png,1
2022-06-28--12-13-12_2_spect.png,1
2022-06-28--13-12-04_2_spect.png,1
2022-06-28--14-10-34_2_spect.png,1
2022-06-28--15-09-35_2_spect.png,1
2022-06-28--16-08-41_2_spect.png,1
2022-06-28--17-07-45_2_spect.png,1
2022-06-28--18-29-56_2_spect.png,1
2022-06-28--19-29-03_2_spect.png,1
2022-06-28--20-28-09_2_spect.png,1
2022-06-28--21-27-16_2_spect.png,1
2022-06-28--22-26-20_2_spect.png,1
2022-06-28--23-25-29_2_spect.png,1
2022-06-29--00-24-37_2_spect.png,1
2022-06-29--01-23-48_2_spect.png,1
2022-06-29--02-22-58_2_spect.png,1
2022-06-29--03-22-07_2_spect.png,1
2022-06-29--04-21-17_2_spect.png,1
2022-06-29--05-20-23_2_spect.png,1
2022-06-29--06-19-34_2_spect.png,1
2022-06-29--07-19-04_2_spect.png,1
2022-06-29--08-18-26_2_spect.png,1
2022-06-29--09-18-09_2_spect.png,1
2022-06-29--10-17-35_2_spect.png,1
2022-06-29--11-17-07_2_spect.png,1
2022-06-29--12-16-28_2_spect.png,1
2022-06-29--13-15-40_2_spect.png,1
2022-06-29--14-13-31_2_spect.png,1
2022-06-29--15-12-27_2_spect.png,1
2022-06-29--16-11-32_2_spect.png,1
2022-06-29--17-00-11_2_spect.png,1
2022-06-29--17-59-12_2_spect.png,1
2022-06-29--18-58-09_2_spect.png,1
2022-06-29--19-57-13_2_spect.png,1
2022-06-29--20-56-16_2_spect.png,1
2022-06-29--21-55-24_2_spect.png,1
2022-06-29--22-54-35_2_spect.png,1
2022-06-29--23-53-49_2_spect.png,1
2022-06-30--00-53-00_2_spect.png,1
2022-06-30--01-52-10_2_spect.png,1
2022-06-30--02-51-21_2_spect.png,1
2022-06-30--03-50-31_2_spect.png,1
2022-06-30--04-49-40_2_spect.png,1
2022-06-30--05-48-50_2_spect.png,1
2022-06-30--06-47-59_2_spect.png,1
2022-06-30--07-47-14_2_spect.png,1
2022-06-30--08-46-38_2_spect.png,1
2022-06-30--09-46-45_2_spect.png,1
2022-06-30--10-46-15_2_spect.png,1
2022-06-30--11-45-41_2_spect.png,1
2022-06-30--12-44-48_2_spect.png,1
2022-06-30--13-43-06_2_spect.png,1
2022-06-30--14-42-07_2_spect.png,1
2022-06-30--15-41-07_2_spect.png,1
2022-06-30--16-40-15_2_spect.png,1
2022-06-30--17-39-21_2_spect.png,1
2022-07-02--17-26-27_2_spect.png,1
2022-07-02--18-25-48_2_spect.png,1
2022-07-02--19-24-53_2_spect.png,1
2022-07-02--20-24-01_2_spect.png,1
2022-07-02--21-23-11_2_spect.png,1
2022-07-02--22-22-21_2_spect.png,1
2022-07-02--23-21-36_2_spect.png,1
2022-07-03--00-20-49_2_spect.png,1
2022-07-03--01-20-01_2_spect.png,1
2022-07-03--02-19-13_2_spect.png,1
2022-07-03--03-18-24_2_spect.png,1
2022-07-03--04-17-36_2_spect.png,1
2022-07-03--05-16-49_2_spect.png,1
2022-07-03--06-15-59_2_spect.png,1
2022-07-03--07-15-14_2_spect.png,1
2022-07-03--08-14-28_2_spect.png,1
2022-07-03--09-13-44_2_spect.png,1
2022-07-03--10-13-01_2_spect.png,1
2022-07-03--11-12-13_2_spect.png,1
2022-07-03--12-11-40_2_spect.png,1
2022-07-03--13-11-29_2_spect.png,1
2022-07-03--14-09-50_2_spect.png,1
2022-07-03--15-08-57_2_spect.png,1
2022-07-03--16-08-07_2_spect.png,1
2022-07-03--17-07-30_2_spect.png,1
2022-07-03--18-11-20_2_spect.png,1
2022-07-03--19-10-34_2_spect.png,1
2022-07-03--20-09-13_2_spect.png,1
2022-07-03--21-08-19_2_spect.png,1
2022-07-03--22-07-30_2_spect.png,1
2022-07-03--23-06-41_2_spect.png,1
2022-07-04--00-05-51_2_spect.png,1
2022-07-04--01-05-00_2_spect.png,1
2022-07-04--02-04-13_2_spect.png,1
2022-07-04--03-03-26_2_spect.png,1
2022-07-04--04-02-43_2_spect.png,1
2022-07-04--05-01-54_2_spect.png,1
2022-07-04--06-01-05_2_spect.png,1
2022-07-04--07-00-21_2_spect.png,1
2022-07-04--07-59-42_2_spect.png,1
2022-07-04--08-58-57_2_spect.png,1
2022-07-04--09-58-25_2_spect.png,1
2022-07-04--10-57-59_2_spect.png,1
2022-07-04--11-56-52_2_spect.png,1
2022-07-04--12-56-11_2_spect.png,1
2022-07-04--13-55-26_2_spect.png,1
2022-07-04--14-54-34_2_spect.png,1
2022-07-04--15-56-31_2_spect.png,1
2022-07-04--16-55-37_2_spect.png,1
2022-07-04--17-54-47_2_spect.png,1
2022-07-04--18-53-55_2_spect.png,1
2022-07-04--19-52-59_2_spect.png,1
2022-07-04--20-52-03_2_spect.png,1
2022-07-04--21-51-47_2_spect.png,1
2022-07-04--22-59-04_2_spect.png,1
2022-07-04--23-58-17_2_spect.png,1
2022-07-05--00-57-29_2_spect.png,1
2022-07-05--01-56-38_2_spect.png,1
2022-07-05--02-55-46_2_spect.png,1
2022-07-05--03-54-55_2_spect.png,1
2022-07-05--04-55-09_2_spect.png,1
2022-07-05--05-53-35_2_spect.png,1
2022-07-05--06-52-51_2_spect.png,1
2022-07-05--07-52-11_2_spect.png,1
2022-07-05--08-51-36_2_spect.png,1
2022-07-05--09-50-55_2_spect.png,1
2022-07-05--10-50-37_2_spect.png,1
2022-07-05--11-49-30_2_spect.png,1
2022-07-05--12-48-30_2_spect.png,1
2022-07-05--13-47-17_2_spect.png,1
2022-07-05--14-46-32_2_spect.png,1
2022-07-05--15-45-44_2_spect.png,1
2022-07-05--16-45-15_2_spect.png,1
2022-07-05--17-43-58_2_spect.png,1
2022-07-05--18-43-04_2_spect.png,1
2022-07-05--19-42-23_2_spect.png,1
2022-07-05--20-41-12_2_spect.png,1
2022-07-05--22-44-10_2_spect.png,1
2022-07-05--23-43-52_2_spect.png,1
2022-07-06--00-42-40_2_spect.png,1
2022-07-06--01-41-53_2_spect.png,1
2022-07-06--03-42-38_2_spect.png,1
2022-07-06--04-41-50_2_spect.png,1
2022-07-06--05-40-59_2_spect.png,1
2022-07-06--06-40-12_2_spect.png,1
2022-07-06--07-39-26_2_spect.png,1
2022-07-06--08-38-42_2_spect.png,1
2022-07-06--09-38-12_2_spect.png,1
2022-07-06--10-37-58_2_spect.png,1
2022-07-06--11-36-55_2_spect.png,1
2022-07-06--12-36-36_2_spect.png,1
2022-07-06--13-35-01_2_spect.png,1
2022-07-06--14-34-31_2_spect.png,1
2022-07-06--15-33-11_2_spect.png,1
2022-07-06--16-32-31_2_spect.png,1
2022-07-06--17-31-12_2_spect.png,1
2022-07-06--18-30-44_2_spect.png,1
2022-07-06--19-29-18_2_spect.png,1
2022-07-06--20-28-23_2_spect.png,1
2022-07-06--21-27-33_2_spect.png,1
2022-07-06--22-26-45_2_spect.png,1
2022-07-06--23-29-23_2_spect.png,1
2022-07-07--00-28-35_2_spect.png,1
2022-07-07--01-27-48_2_spect.png,1
2022-07-07--02-26-59_2_spect.png,1
2022-07-07--03-26-13_2_spect.png,1
2022-07-07--04-25-29_2_spect.png,1
2022-07-07--05-24-42_2_spect.png,1
2022-07-07--06-24-26_2_spect.png,1
2022-07-07--07-22-56_2_spect.png,1
2022-07-07--08-22-13_2_spect.png,1
2022-07-07--09-21-35_2_spect.png,1
2022-07-07--10-20-57_2_spect.png,1
2022-07-07--11-20-34_2_spect.png,1
2022-07-07--12-21-08_2_spect.png,1
2022-07-07--13-19-30_2_spect.png,1
2022-07-07--14-18-57_2_spect.png,1
2022-07-07--15-17-36_2_spect.png,1
2022-07-07--16-17-49_2_spect.png,1
2022-07-07--17-16-34_2_spect.png,1
2022-07-07--18-16-21_2_spect.png,1
2022-07-07--19-17-27_2_spect.png,1
2022-07-07--20-16-51_2_spect.png,1
2022-07-07--21-15-59_2_spect.png,1
2022-07-07--22-14-11_2_spect.png,1
2022-07-07--23-13-22_2_spect.png,1
2022-07-08--00-14-56_2_spect.png,1
2022-07-08--01-14-07_2_spect.png,1
2022-07-08--02-13-18_2_spect.png,1
2022-07-08--03-12-29_2_spect.png,1
2022-07-08--04-12-14_2_spect.png,1
2022-07-08--05-10-39_2_spect.png,1
2022-07-08--06-09-51_2_spect.png,1
2022-07-08--07-09-47_2_spect.png,1
2022-07-08--08-08-29_2_spect.png,1
2022-07-08--09-08-34_2_spect.png,1
2022-07-08--10-07-58_2_spect.png,1
2022-07-08--11-08-46_2_spect.png,1
2022-07-08--12-08-53_2_spect.png,1
2022-07-08--13-06-47_2_spect.png,1
2022-07-08--14-09-50_2_spect.png,1
2022-07-08--15-08-24_2_spect.png,1
2022-07-08--16-07-49_2_spect.png,1
2022-07-08--18-10-05_2_spect.png,1
2022-07-08--19-09-34_2_spect.png,1
2022-07-08--20-08-46_2_spect.png,1
2022-07-08--21-07-28_2_spect.png,1
2022-07-08--22-06-22_2_spect.png,1
2022-07-09--00-04-21_2_spect.png,1
2022-07-09--01-03-30_2_spect.png,1
2022-07-09--02-02-58_2_spect.png,1
2022-07-09--03-02-18_2_spect.png,1
2022-07-09--04-00-47_2_spect.png,1
2022-07-09--05-00-15_2_spect.png,1
2022-07-09--05-58-53_2_spect.png,1
2022-07-09--06-58-12_2_spect.png,1
2022-07-09--07-57-34_2_spect.png,1
2022-07-09--08-57-12_2_spect.png,1
2022-07-09--09-56-11_2_spect.png,1
2022-07-09--11-58-41_2_spect.png,1
2022-07-09--12-59-39_2_spect.png,1
2022-07-09--13-58-05_2_spect.png,1
2022-07-09--14-57-13_2_spect.png,1
2022-07-09--15-56-25_2_spect.png,1
2022-07-09--16-55-44_2_spect.png,1
2022-07-09--17-55-02_2_spect.png,1
2022-07-09--18-54-22_2_spect.png,1
2022-07-09--19-53-03_2_spect.png,1
2022-07-09--20-52-10_2_spect.png,1
2022-07-09--21-51-33_2_spect.png,1
2022-07-09--22-50-18_2_spect.png,1
2022-07-09--23-49-27_2_spect.png,1
2022-07-10--00-48-36_2_spect.png,1
2022-07-10--01-47-45_2_spect.png,1
2022-07-10--02-46-54_2_spect.png,1
2022-07-10--03-45-59_2_spect.png,1
2022-07-10--04-45-13_2_spect.png,1
2022-07-10--05-44-39_2_spect.png,1
2022-07-10--06-43-27_2_spect.png,1
2022-07-10--07-43-18_2_spect.png,1
2022-07-10--08-42-54_2_spect.png,1
2022-07-10--09-43-41_2_spect.png,1
2022-07-10--10-42-52_2_spect.png,1
2022-07-10--11-43-06_2_spect.png,1
2022-07-10--12-42-27_2_spect.png,1
2022-07-10--13-40-52_2_spect.png,1
2022-07-10--14-40-18_2_spect.png,1
2022-07-10--15-39-44_2_spect.png,1
2022-07-10--16-38-56_2_spect.png,1
2022-07-10--17-38-05_2_spect.png,1
2022-07-10--18-36-58_2_spect.png,1
2022-07-10--19-35-56_2_spect.png,1
2022-07-10--20-35-10_2_spect.png,1
2022-07-10--21-34-27_2_spect.png,1
2022-07-10--22-33-37_2_spect.png,1
2022-07-10--23-32-49_2_spect.png,1
2022-07-11--00-32-00_2_spect.png,1
2022-07-11--01-31-46_2_spect.png,1
2022-07-11--02-31-03_2_spect.png,1
2022-07-11--03-30-14_2_spect.png,1
2022-07-11--04-29-25_2_spect.png,1
2022-07-11--05-28-37_2_spect.png,1
2022-07-11--06-28-05_2_spect.png,1
2022-07-11--07-27-46_2_spect.png,1
2022-07-11--08-28-20_2_spect.png,1
2022-07-11--09-27-27_2_spect.png,1
2022-07-11--10-27-12_2_spect.png,1
2022-07-11--11-26-41_2_spect.png,1
2022-07-11--12-25-43_2_spect.png,1
2022-07-11--13-24-24_2_spect.png,1
2022-07-11--14-23-58_2_spect.png,1
2022-07-11--15-24-07_2_spect.png,1
2022-07-11--16-23-12_2_spect.png,1
2022-07-11--17-21-59_2_spect.png,1
2022-07-11--18-20-59_2_spect.png,1
2022-07-11--19-20-32_2_spect.png,1
2022-07-11--21-21-30_2_spect.png,1
2022-07-11--22-20-49_2_spect.png,1
2022-07-11--23-20-02_2_spect.png,1
2022-07-12--00-25-33_2_spect.png,1
2022-07-12--01-24-45_2_spect.png,1
2022-07-12--02-23-55_2_spect.png,1
2022-07-12--03-23-08_2_spect.png,1
2022-07-12--04-22-20_2_spect.png,1
2022-07-12--05-21-31_2_spect.png,1
2022-07-12--06-20-44_2_spect.png,1
2022-07-12--07-20-17_2_spect.png,1
2022-07-12--08-19-19_2_spect.png,1
2022-07-12--09-19-37_2_spect.png,1
2022-07-12--10-18-46_2_spect.png,1
2022-07-12--11-18-02_2_spect.png,1
2022-07-12--12-17-36_2_spect.png,1
2022-07-12--13-15-19_2_spect.png,1
2022-07-12--14-14-09_2_spect.png,1
2022-07-12--15-12-56_2_spect.png,1
2022-07-12--16-12-07_2_spect.png,1
2022-07-12--17-10-55_2_spect.png,1
2022-07-12--18-09-43_2_spect.png,1
2022-07-12--19-08-31_2_spect.png,1
2022-07-12--20-09-00_2_spect.png,1
2022-07-12--21-07-38_2_spect.png,1
2022-07-12--22-07-06_2_spect.png,1
2022-07-12--23-09-41_2_spect.png,1
2022-07-13--00-08-52_2_spect.png,1
2022-07-13--01-08-06_2_spect.png,1
2022-07-13--02-07-17_2_spect.png,1
2022-07-13--03-06-31_2_spect.png,1
2022-07-13--04-05-58_2_spect.png,1
2022-07-13--05-04-40_2_spect.png,1
2022-07-13--08-02-57_2_spect.png,1
2022-07-13--21-58-04_2_spect.png,1
2022-07-14--09-52-14_2_spect.png,1
2022-07-14--10-54-43_2_spect.png,1
2022-07-14--11-57-48_2_spect.png,1
2022-07-14--13-01-08_2_spect.png,1
2022-07-14--14-01-51_2_spect.png,1
2022-07-14--15-03-25_2_spect.png,1
2022-07-14--16-02-50_2_spect.png,1
2022-07-14--17-01-03_2_spect.png,1
2022-07-14--18-01-02_2_spect.png,1
2022-07-14--19-00-10_2_spect.png,1
2022-07-14--19-59-41_2_spect.png,1
2022-07-14--20-58-44_2_spect.png,1
2022-07-14--21-57-19_2_spect.png,1
2022-07-15--00-02-18_2_spect.png,1
2022-07-15--01-05-24_2_spect.png,1
2022-07-15--02-05-35_2_spect.png,1
2022-07-15--03-08-59_2_spect.png,1
2022-07-15--04-07-19_2_spect.png,1
2022-07-15--05-06-30_2_spect.png,1
2022-07-15--06-05-42_2_spect.png,1
2022-07-15--07-05-32_2_spect.png,1
2022-07-15--11-18-39_2_spect.png,1
2022-07-15--13-25-58_2_spect.png,1
2022-07-15--14-24-58_2_spect.png,1
2022-07-15--15-28-21_2_spect.png,1
